OrderID,OrderDate,Segment,Region,Category,SubCategory,Quantity,Sales,Discount,Profit,ShipMode
ORD-2000,2021-01-01,Consumer,South,Technology,Copiers,10,1795.43,0.0,420.0,First Class
ORD-2001,2021-01-02,Home Office,West,Office Supplies,Envelopes,2,40.49,0.2,4.0,First Class
ORD-2002,2021-01-03,Consumer,South,Furniture,Bookcases,11,2242.85,0.0,94.91,Standard Class
ORD-2003,2021-01-05,Corporate,Central,Furniture,Chairs,5,634.12,0.2,17.65,Standard Class
ORD-2004,2021-01-06,Home Office,East,Office Supplies,Storage,3,54.46,0.0,12.32,Standard Class
ORD-2005,2021-01-08,Corporate,Central,Office Supplies,Art,8,162.43,0.1,36.04,Same Day
ORD-2006,2021-01-09,Consumer,South,Office Supplies,Paper,4,79.42,0.1,10.84,Standard Class
ORD-2007,2021-01-11,Corporate,East,Office Supplies,Binders,13,229.24,0.0,63.35,Standard Class
ORD-2008,2021-01-12,Home Office,East,Furniture,Chairs,13,922.17,0.0,61.7,First Class
ORD-2009,2021-01-14,Home Office,East,Technology,Copiers,4,589.56,0.3,37.47,Same Day
ORD-2010,2021-01-15,Corporate,East,Technology,Copiers,8,890.44,0.0,125.91,Second Class
ORD-2011,2021-01-17,Consumer,South,Furniture,Chairs,3,345.59,0.0,24.93,Standard Class
ORD-2012,2021-01-18,Home Office,East,Office Supplies,Art,13,386.41,0.0,71.09,Standard Class
ORD-2013,2021-01-19,Consumer,East,Office Supplies,Envelopes,8,265.98,0.0,69.96,Second Class
ORD-2014,2021-01-21,Consumer,East,Technology,Computers,5,610.85,0.3,41.56,First Class
ORD-2015,2021-01-22,Consumer,East,Technology,Computers,10,1988.67,0.0,449.61,Standard Class
ORD-2016,2021-01-24,Consumer,Central,Technology,Phones,8,503.91,0.2,59.82,Second Class
ORD-2017,2021-01-25,Consumer,South,Furniture,Chairs,13,2546.55,0.4,37.17,Second Class
ORD-2018,2021-01-27,Consumer,Central,Office Supplies,Art,10,204.19,0.0,47.75,Same Day
ORD-2019,2021-01-28,Corporate,East,Furniture,Tables,1,143.52,0.1,8.36,Standard Class
ORD-2020,2021-01-30,Consumer,West,Office Supplies,Paper,2,69.28,0.0,12.11,Standard Class
ORD-2021,2021-01-31,Home Office,West,Furniture,Tables,11,1675.67,0.0,108.52,Second Class
ORD-2022,2021-02-02,Consumer,Central,Office Supplies,Paper,8,133.59,0.0,28.88,Standard Class
ORD-2023,2021-02-03,Consumer,Central,Furniture,Tables,12,2311.95,0.3,60.46,Standard Class
ORD-2024,2021-02-05,Corporate,West,Office Supplies,Binders,3,146.42,0.1,22.65,First Class
ORD-2025,2021-02-06,Home Office,Central,Furniture,Chairs,6,1165.38,0.0,58.83,First Class
ORD-2026,2021-02-07,Corporate,West,Technology,Accessories,9,1966.2,0.0,409.58,Second Class
ORD-2027,2021-02-09,Corporate,South,Technology,Copiers,11,833.8,0.2,69.41,Standard Class
ORD-2028,2021-02-10,Consumer,Central,Technology,Phones,6,441.62,0.1,64.3,Standard Class
ORD-2029,2021-02-12,Corporate,Central,Technology,Computers,12,2305.74,0.2,260.1,Standard Class
ORD-2030,2021-02-13,Corporate,West,Technology,Computers,5,1175.92,0.4,63.49,Standard Class
ORD-2031,2021-02-15,Consumer,South,Technology,Accessories,6,873.35,0.1,128.32,First Class
ORD-2032,2021-02-16,Home Office,West,Technology,Copiers,6,553.96,0.2,58.8,Second Class
ORD-2033,2021-02-18,Corporate,West,Furniture,Chairs,2,482.78,0.1,24.03,Standard Class
ORD-2034,2021-02-19,Consumer,West,Technology,Phones,7,577.13,0.3,42.39,Second Class
ORD-2035,2021-02-21,Consumer,South,Office Supplies,Binders,13,392.83,0.1,53.17,Second Class
ORD-2036,2021-02-22,Corporate,Central,Office Supplies,Envelopes,5,140.18,0.4,6.59,Standard Class
ORD-2037,2021-02-24,Consumer,South,Office Supplies,Art,3,102.26,0.1,22.87,Standard Class
ORD-2038,2021-02-25,Corporate,Central,Technology,Copiers,3,249.2,0.3,23.95,Second Class
ORD-2039,2021-02-26,Home Office,East,Office Supplies,Storage,10,415.08,0.2,57.12,Second Class
ORD-2040,2021-02-28,Corporate,East,Office Supplies,Binders,3,140.09,0.1,30.84,Second Class
ORD-2041,2021-03-01,Home Office,West,Furniture,Chairs,9,2345.89,0.1,82.42,Standard Class
ORD-2042,2021-03-03,Corporate,West,Furniture,Furnishings,5,516.9,0.1,27.44,Standard Class
ORD-2043,2021-03-04,Consumer,Central,Furniture,Furnishings,8,502.35,0.2,22.14,Standard Class
ORD-2044,2021-03-06,Corporate,West,Office Supplies,Binders,11,178.23,0.2,30.67,Same Day
ORD-2045,2021-03-07,Consumer,South,Furniture,Chairs,2,218.38,0.0,9.75,Standard Class
ORD-2046,2021-03-09,Corporate,South,Furniture,Tables,12,2292.34,0.1,117.29,Second Class
ORD-2047,2021-03-10,Consumer,South,Technology,Phones,8,512.59,0.1,91.97,Standard Class
ORD-2048,2021-03-12,Corporate,West,Furniture,Chairs,6,1165.41,0.0,89.87,Standard Class
ORD-2049,2021-03-13,Consumer,East,Office Supplies,Paper,12,436.76,0.0,118.65,Standard Class
ORD-2050,2021-03-15,Consumer,South,Office Supplies,Envelopes,12,267.5,0.0,47.59,First Class
ORD-2051,2021-03-16,Consumer,Central,Furniture,Chairs,3,512.35,0.0,25.0,Second Class
ORD-2052,2021-03-17,Corporate,Central,Technology,Copiers,12,1254.7,0.2,123.4,Same Day
ORD-2053,2021-03-19,Corporate,West,Office Supplies,Storage,13,423.01,0.1,80.12,First Class
ORD-2054,2021-03-20,Consumer,East,Office Supplies,Paper,8,382.05,0.0,73.12,Standard Class
ORD-2055,2021-03-22,Consumer,West,Furniture,Chairs,10,1803.09,0.0,92.87,Standard Class
ORD-2056,2021-03-23,Consumer,South,Office Supplies,Storage,7,204.93,0.0,38.49,Second Class
ORD-2057,2021-03-25,Consumer,Central,Technology,Copiers,1,189.73,0.0,25.5,Standard Class
ORD-2058,2021-03-26,Consumer,West,Technology,Computers,11,2081.45,0.1,389.24,Standard Class
ORD-2059,2021-03-28,Home Office,South,Office Supplies,Envelopes,11,233.61,0.1,48.04,Second Class
ORD-2060,2021-03-29,Consumer,West,Furniture,Chairs,3,721.01,0.2,21.58,Standard Class
ORD-2061,2021-03-31,Consumer,South,Technology,Computers,3,461.07,0.1,50.96,Standard Class
ORD-2062,2021-04-01,Corporate,South,Technology,Computers,13,1621.66,0.0,309.9,Standard Class
ORD-2063,2021-04-03,Home Office,East,Office Supplies,Storage,10,255.11,0.2,34.84,Standard Class
ORD-2064,2021-04-04,Home Office,West,Office Supplies,Binders,5,155.15,0.1,20.55,First Class
ORD-2065,2021-04-05,Consumer,West,Technology,Phones,7,1127.12,0.1,176.67,Standard Class
ORD-2066,2021-04-07,Consumer,South,Office Supplies,Paper,5,90.12,0.1,16.24,Second Class
ORD-2067,2021-04-08,Home Office,South,Technology,Phones,13,1654.75,0.0,307.74,Standard Class
ORD-2068,2021-04-10,Consumer,Central,Office Supplies,Art,12,326.02,0.2,48.88,Second Class
ORD-2069,2021-04-11,Home Office,West,Office Supplies,Paper,1,49.16,0.2,5.98,Standard Class
ORD-2070,2021-04-13,Home Office,Central,Technology,Accessories,11,2022.17,0.0,324.48,Standard Class
ORD-2071,2021-04-14,Home Office,East,Technology,Phones,3,677.81,0.2,58.39,Standard Class
ORD-2072,2021-04-16,Consumer,Central,Furniture,Furnishings,5,347.74,0.2,10.52,Same Day
ORD-2073,2021-04-17,Consumer,Central,Technology,Phones,2,385.94,0.2,35.41,First Class
ORD-2074,2021-04-19,Consumer,West,Office Supplies,Paper,2,61.76,0.0,11.63,Same Day
ORD-2075,2021-04-20,Corporate,Central,Office Supplies,Storage,3,55.11,0.0,15.51,Standard Class
ORD-2076,2021-04-22,Consumer,Central,Furniture,Furnishings,5,1048.42,0.1,52.42,Standard Class
ORD-2077,2021-04-23,Corporate,East,Furniture,Bookcases,10,1972.05,0.0,118.59,Same Day
ORD-2078,2021-04-24,Consumer,Central,Technology,Phones,5,477.08,0.2,60.38,Standard Class
ORD-2079,2021-04-26,Consumer,East,Technology,Computers,10,1295.25,0.3,100.6,Standard Class
ORD-2080,2021-04-27,Corporate,East,Furniture,Furnishings,12,2513.69,0.0,188.93,Standard Class
ORD-2081,2021-04-29,Corporate,West,Furniture,Tables,10,2102.17,0.3,52.34,Second Class
ORD-2082,2021-04-30,Home Office,West,Furniture,Bookcases,13,2257.66,0.1,125.88,Second Class
ORD-2083,2021-05-02,Consumer,East,Office Supplies,Paper,13,249.96,0.0,62.66,Standard Class
ORD-2084,2021-05-03,Consumer,West,Office Supplies,Envelopes,5,91.76,0.0,15.12,Second Class
ORD-2085,2021-05-05,Corporate,West,Office Supplies,Art,2,68.58,0.2,7.49,Standard Class
ORD-2086,2021-05-06,Consumer,East,Office Supplies,Envelopes,10,133.96,0.1,20.3,First Class
ORD-2087,2021-05-08,Consumer,Central,Furniture,Chairs,1,208.06,0.2,6.31,First Class
ORD-2088,2021-05-09,Home Office,East,Technology,Computers,7,1261.87,0.0,164.24,Standard Class
ORD-2089,2021-05-11,Consumer,West,Technology,Copiers,10,660.48,0.3,50.17,First Class
ORD-2090,2021-05-12,Home Office,Central,Furniture,Furnishings,8,536.57,0.2,22.67,Second Class
ORD-2091,2021-05-13,Consumer,East,Office Supplies,Storage,10,386.03,0.1,54.69,Standard Class
ORD-2092,2021-05-15,Corporate,Central,Office Supplies,Art,6,246.34,0.0,66.96,Same Day
ORD-2093,2021-05-16,Home Office,East,Furniture,Bookcases,7,582.11,0.0,31.87,Second Class
ORD-2094,2021-05-18,Corporate,West,Technology,Accessories,1,81.02,0.3,6.05,Standard Class
ORD-2095,2021-05-19,Home Office,West,Furniture,Tables,3,546.02,0.0,35.47,Second Class
ORD-2096,2021-05-21,Consumer,Central,Office Supplies,Paper,8,293.45,0.0,51.94,Second Class
ORD-2097,2021-05-22,Corporate,Central,Office Supplies,Envelopes,4,137.92,0.0,26.66,Standard Class
ORD-2098,2021-05-24,Corporate,East,Technology,Computers,6,950.35,0.2,121.11,Same Day
ORD-2099,2021-05-25,Consumer,Central,Furniture,Furnishings,8,930.35,0.0,60.71,Second Class
ORD-2100,2021-05-27,Consumer,Central,Office Supplies,Paper,10,340.75,0.2,40.13,Standard Class
ORD-2101,2021-05-28,Consumer,South,Furniture,Bookcases,12,1349.67,0.1,51.84,Same Day
ORD-2102,2021-05-30,Consumer,West,Office Supplies,Storage,10,256.31,0.3,28.31,Standard Class
ORD-2103,2021-05-31,Corporate,South,Technology,Accessories,8,1143.33,0.2,106.76,Standard Class
ORD-2104,2021-06-01,Consumer,East,Technology,Accessories,3,468.41,0.0,62.16,First Class
ORD-2105,2021-06-03,Consumer,South,Technology,Copiers,11,1461.71,0.3,128.76,Standard Class
ORD-2106,2021-06-04,Corporate,South,Technology,Computers,11,795.31,0.2,118.77,Standard Class
ORD-2107,2021-06-06,Consumer,East,Technology,Copiers,12,1570.06,0.3,158.9,Standard Class
ORD-2108,2021-06-07,Home Office,South,Technology,Computers,3,491.24,0.0,80.88,Standard Class
ORD-2109,2021-06-09,Consumer,West,Technology,Copiers,9,1848.51,0.0,366.55,Standard Class
ORD-2110,2021-06-10,Consumer,Central,Furniture,Furnishings,1,73.45,0.0,3.52,Second Class
ORD-2111,2021-06-12,Consumer,West,Office Supplies,Storage,12,165.82,0.0,37.1,Same Day
ORD-2112,2021-06-13,Consumer,East,Furniture,Tables,13,3135.23,0.4,49.21,Standard Class
ORD-2113,2021-06-15,Consumer,South,Furniture,Chairs,13,1140.2,0.0,70.68,Standard Class
ORD-2114,2021-06-16,Consumer,West,Technology,Computers,1,117.39,0.0,17.47,Standard Class
ORD-2115,2021-06-18,Consumer,South,Furniture,Chairs,7,454.98,0.2,14.69,Second Class
ORD-2116,2021-06-19,Consumer,South,Office Supplies,Paper,4,118.87,0.1,15.71,Standard Class
ORD-2117,2021-06-20,Corporate,South,Technology,Copiers,13,1580.41,0.2,139.07,Standard Class
ORD-2118,2021-06-22,Corporate,East,Technology,Computers,1,174.86,0.1,27.7,Second Class
ORD-2119,2021-06-23,Corporate,Central,Furniture,Tables,11,2242.19,0.2,96.59,Standard Class
ORD-2120,2021-06-25,Home Office,West,Technology,Phones,9,1198.28,0.0,272.55,Standard Class
ORD-2121,2021-06-26,Consumer,South,Technology,Computers,4,618.75,0.0,90.5,First Class
ORD-2122,2021-06-28,Home Office,Central,Technology,Phones,4,665.94,0.2,58.04,Standard Class
ORD-2123,2021-06-29,Corporate,Central,Office Supplies,Paper,6,180.06,0.0,27.95,Standard Class
ORD-2124,2021-07-01,Consumer,West,Technology,Accessories,11,2609.1,0.0,569.04,First Class
ORD-2125,2021-07-02,Consumer,West,Furniture,Bookcases,4,349.24,0.1,17.02,First Class
ORD-2126,2021-07-04,Consumer,Central,Office Supplies,Paper,11,315.08,0.0,61.11,First Class
ORD-2127,2021-07-05,Consumer,East,Furniture,Chairs,12,3063.74,0.1,121.6,Same Day
ORD-2128,2021-07-07,Corporate,West,Technology,Copiers,4,298.61,0.0,44.63,Standard Class
ORD-2129,2021-07-08,Consumer,East,Furniture,Chairs,10,920.22,0.0,54.72,Standard Class
ORD-2130,2021-07-09,Consumer,Central,Furniture,Bookcases,2,153.06,0.0,10.24,Standard Class
ORD-2131,2021-07-11,Home Office,East,Furniture,Tables,11,1828.16,0.1,70.96,First Class
ORD-2132,2021-07-12,Consumer,Central,Furniture,Furnishings,6,1320.98,0.0,91.89,Second Class
ORD-2133,2021-07-14,Consumer,West,Office Supplies,Paper,10,212.32,0.0,54.04,Standard Class
ORD-2134,2021-07-15,Home Office,West,Furniture,Bookcases,10,1045.72,0.2,51.3,Standard Class
ORD-2135,2021-07-17,Consumer,West,Technology,Copiers,7,870.2,0.0,138.34,Second Class
ORD-2136,2021-07-18,Consumer,West,Office Supplies,Storage,1,24.82,0.0,5.91,Standard Class
ORD-2137,2021-07-20,Consumer,East,Technology,Copiers,5,397.59,0.1,43.83,Second Class
ORD-2138,2021-07-21,Corporate,South,Furniture,Chairs,13,846.43,0.2,33.11,Standard Class
ORD-2139,2021-07-23,Corporate,South,Furniture,Bookcases,1,208.77,0.0,12.66,Standard Class
ORD-2140,2021-07-24,Consumer,Central,Office Supplies,Binders,5,77.58,0.2,9.79,Standard Class
ORD-2141,2021-07-26,Corporate,Central,Furniture,Furnishings,3,642.68,0.0,49.73,First Class
ORD-2142,2021-07-27,Consumer,East,Technology,Copiers,8,1322.38,0.1,161.3,Standard Class
ORD-2143,2021-07-28,Consumer,East,Office Supplies,Art,8,336.58,0.0,87.63,Standard Class
ORD-2144,2021-07-30,Corporate,West,Furniture,Tables,13,3318.88,0.4,47.32,First Class
ORD-2145,2021-07-31,Corporate,East,Technology,Accessories,12,2749.91,0.0,444.06,Standard Class
ORD-2146,2021-08-02,Consumer,South,Technology,Phones,4,684.55,0.0,125.85,Standard Class
ORD-2147,2021-08-03,Consumer,West,Technology,Copiers,12,2014.1,0.0,374.94,Standard Class
ORD-2148,2021-08-05,Home Office,Central,Furniture,Bookcases,5,304.45,0.2,8.57,Second Class
ORD-2149,2021-08-06,Consumer,West,Office Supplies,Binders,2,57.3,0.0,14.01,Second Class
ORD-2150,2021-08-08,Consumer,Central,Furniture,Bookcases,4,789.98,0.2,28.61,Standard Class
ORD-2151,2021-08-09,Consumer,West,Office Supplies,Paper,1,31.03,0.3,2.81,Standard Class
ORD-2152,2021-08-11,Consumer,West,Office Supplies,Envelopes,2,58.74,0.0,13.13,Standard Class
ORD-2153,2021-08-12,Home Office,East,Office Supplies,Storage,10,139.2,0.0,31.33,Standard Class
ORD-2154,2021-08-14,Consumer,South,Office Supplies,Art,13,223.08,0.2,34.72,Standard Class
ORD-2155,2021-08-15,Consumer,East,Furniture,Bookcases,6,831.06,0.3,19.43,Standard Class
ORD-2156,2021-08-16,Corporate,South,Technology,Phones,12,563.9,0.0,131.6,Standard Class
ORD-2157,2021-08-18,Consumer,East,Furniture,Tables,12,1463.37,0.0,63.85,First Class
ORD-2158,2021-08-19,Consumer,East,Furniture,Furnishings,2,323.41,0.1,14.96,Second Class
ORD-2159,2021-08-21,Home Office,Central,Furniture,Chairs,2,127.07,0.3,2.91,Standard Class
ORD-2160,2021-08-22,Consumer,South,Furniture,Chairs,4,437.84,0.2,13.3,First Class
ORD-2161,2021-08-24,Consumer,South,Office Supplies,Binders,10,174.04,0.1,38.63,Second Class
ORD-2162,2021-08-25,Home Office,Central,Technology,Computers,2,337.0,0.0,47.49,Second Class
ORD-2163,2021-08-27,Corporate,Central,Technology,Accessories,11,1135.76,0.3,82.78,Standard Class
ORD-2164,2021-08-28,Home Office,Central,Furniture,Chairs,6,1366.77,0.1,66.91,Standard Class
ORD-2165,2021-08-30,Home Office,East,Technology,Copiers,2,169.82,0.0,39.17,Standard Class
ORD-2166,2021-08-31,Corporate,South,Furniture,Furnishings,5,325.02,0.2,13.83,First Class
ORD-2167,2021-09-02,Consumer,Central,Furniture,Chairs,11,2347.57,0.1,124.54,Standard Class
ORD-2168,2021-09-03,Consumer,Central,Technology,Accessories,1,121.27,0.1,23.14,Second Class
ORD-2169,2021-09-04,Consumer,East,Technology,Computers,3,493.88,0.1,70.79,Standard Class
ORD-2170,2021-09-06,Corporate,East,Technology,Copiers,13,2206.16,0.1,373.1,Standard Class
ORD-2171,2021-09-07,Corporate,East,Furniture,Furnishings,6,669.0,0.3,20.79,Standard Class
ORD-2172,2021-09-09,Corporate,South,Furniture,Bookcases,12,1130.5,0.0,52.06,Second Class
ORD-2173,2021-09-10,Corporate,East,Technology,Computers,1,92.62,0.0,19.82,First Class
ORD-2174,2021-09-12,Consumer,South,Office Supplies,Art,5,180.32,0.0,36.53,Standard Class
ORD-2175,2021-09-13,Consumer,East,Office Supplies,Envelopes,2,75.57,0.2,11.99,Standard Class
ORD-2176,2021-09-15,Consumer,South,Furniture,Tables,8,1425.46,0.3,45.94,First Class
ORD-2177,2021-09-16,Corporate,Central,Technology,Phones,13,1571.99,0.0,339.17,Standard Class
ORD-2178,2021-09-18,Home Office,Central,Furniture,Bookcases,8,1419.61,0.2,54.75,Standard Class
ORD-2179,2021-09-19,Corporate,East,Furniture,Furnishings,13,2643.32,0.3,62.69,Standard Class
ORD-2180,2021-09-21,Consumer,South,Furniture,Furnishings,3,564.59,0.3,17.42,First Class
ORD-2181,2021-09-22,Consumer,East,Office Supplies,Paper,8,277.48,0.0,77.11,Same Day
ORD-2182,2021-09-23,Consumer,Central,Technology,Computers,9,1358.96,0.0,247.09,Standard Class
ORD-2183,2021-09-25,Home Office,Central,Office Supplies,Storage,9,254.84,0.1,50.32,Standard Class
ORD-2184,2021-09-26,Home Office,South,Office Supplies,Paper,6,159.79,0.0,33.56,Standard Class
ORD-2185,2021-09-28,Consumer,West,Technology,Accessories,11,2016.64,0.1,246.12,Same Day
ORD-2186,2021-09-29,Corporate,East,Office Supplies,Paper,13,164.83,0.0,34.93,First Class
ORD-2187,2021-10-01,Consumer,East,Office Supplies,Envelopes,7,130.48,0.0,24.09,Second Class
ORD-2188,2021-10-02,Consumer,South,Furniture,Bookcases,7,868.03,0.0,66.14,Standard Class
ORD-2189,2021-10-04,Home Office,West,Furniture,Bookcases,2,322.92,0.4,4.94,Same Day
ORD-2190,2021-10-05,Home Office,South,Technology,Phones,11,1524.06,0.1,216.14,Second Class
ORD-2191,2021-10-07,Consumer,Central,Technology,Copiers,7,673.77,0.2,66.82,First Class
ORD-2192,2021-10-08,Corporate,West,Furniture,Furnishings,9,963.0,0.1,52.56,Standard Class
ORD-2193,2021-10-10,Consumer,Central,Office Supplies,Envelopes,4,98.06,0.0,24.61,Standard Class
ORD-2194,2021-10-11,Consumer,Central,Office Supplies,Art,6,63.94,0.2,7.91,Second Class
ORD-2195,2021-10-12,Home Office,East,Furniture,Chairs,3,554.28,0.0,37.69,Standard Class
ORD-2196,2021-10-14,Home Office,East,Office Supplies,Envelopes,3,136.45,0.3,10.18,Same Day
ORD-2197,2021-10-15,Consumer,Central,Furniture,Bookcases,1,112.5,0.1,5.21,First Class
ORD-2198,2021-10-17,Corporate,South,Technology,Copiers,10,678.88,0.2,88.76,First Class
ORD-2199,2021-10-18,Home Office,East,Technology,Accessories,4,254.58,0.0,39.9,Standard Class
ORD-2200,2021-10-20,Home Office,South,Office Supplies,Art,4,57.24,0.1,8.87,Standard Class
ORD-2201,2021-10-21,Consumer,Central,Furniture,Furnishings,2,464.25,0.0,25.89,First Class
ORD-2202,2021-10-23,Corporate,Central,Technology,Accessories,9,1515.5,0.2,139.53,Same Day
ORD-2203,2021-10-24,Consumer,West,Office Supplies,Art,7,217.47,0.1,50.58,Standard Class
ORD-2204,2021-10-26,Home Office,West,Office Supplies,Paper,5,230.62,0.1,39.34,Standard Class
ORD-2205,2021-10-27,Consumer,Central,Technology,Computers,4,246.56,0.1,38.77,Standard Class
ORD-2206,2021-10-29,Corporate,South,Technology,Computers,8,891.57,0.0,146.21,Standard Class
ORD-2207,2021-10-30,Consumer,Central,Furniture,Furnishings,5,687.49,0.0,50.67,Standard Class
ORD-2208,2021-10-31,Corporate,Central,Office Supplies,Envelopes,8,103.62,0.2,12.85,Standard Class
ORD-2209,2021-11-02,Consumer,East,Technology,Accessories,1,170.46,0.0,25.84,Standard Class
ORD-2210,2021-11-03,Home Office,West,Office Supplies,Storage,10,463.15,0.1,78.3,Same Day
ORD-2211,2021-11-05,Corporate,West,Technology,Computers,10,1386.69,0.0,308.89,Standard Class
ORD-2212,2021-11-06,Home Office,West,Technology,Computers,2,422.58,0.1,69.21,Standard Class
ORD-2213,2021-11-08,Corporate,Central,Technology,Copiers,10,1638.05,0.0,352.4,Standard Class
ORD-2214,2021-11-09,Consumer,East,Technology,Phones,7,671.13,0.2,81.43,Standard Class
ORD-2215,2021-11-11,Corporate,East,Office Supplies,Art,3,98.05,0.2,15.86,Standard Class
ORD-2216,2021-11-12,Consumer,South,Technology,Phones,5,816.49,0.0,189.48,Standard Class
ORD-2217,2021-11-14,Consumer,West,Furniture,Tables,11,2625.71,0.0,146.62,Second Class
ORD-2218,2021-11-15,Corporate,Central,Technology,Computers,10,946.53,0.0,180.0,Second Class
ORD-2219,2021-11-17,Consumer,West,Furniture,Furnishings,2,333.4,0.1,19.2,Second Class
ORD-2220,2021-11-18,Corporate,Central,Furniture,Chairs,1,179.33,0.2,5.88,Standard Class
ORD-2221,2021-11-19,Corporate,West,Technology,Phones,8,851.1,0.0,134.85,First Class
ORD-2222,2021-11-21,Corporate,South,Office Supplies,Storage,1,10.61,0.0,2.78,Same Day
ORD-2223,2021-11-22,Consumer,West,Furniture,Chairs,11,1086.12,0.0,66.1,Standard Class
ORD-2224,2021-11-24,Consumer,Central,Office Supplies,Binders,12,402.0,0.1,88.18,Second Class
ORD-2225,2021-11-25,Corporate,Central,Technology,Computers,11,913.74,0.1,141.75,Standard Class
ORD-2226,2021-11-27,Home Office,South,Technology,Copiers,4,274.36,0.0,56.79,Standard Class
ORD-2227,2021-11-28,Home Office,Central,Office Supplies,Art,7,99.32,0.2,13.01,Standard Class
ORD-2228,2021-11-30,Corporate,Central,Office Supplies,Art,1,20.99,0.0,4.45,Standard Class
ORD-2229,2021-12-01,Consumer,South,Office Supplies,Binders,6,87.38,0.0,22.94,Standard Class
ORD-2230,2021-12-03,Consumer,West,Office Supplies,Storage,6,280.53,0.0,52.0,Standard Class
ORD-2231,2021-12-04,Home Office,West,Office Supplies,Art,12,500.81,0.0,120.47,First Class
ORD-2232,2021-12-06,Consumer,Central,Technology,Copiers,8,1606.93,0.2,140.26,First Class
ORD-2233,2021-12-07,Consumer,South,Office Supplies,Binders,13,456.85,0.3,42.42,Standard Class
ORD-2234,2021-12-08,Home Office,West,Furniture,Furnishings,12,2454.44,0.3,66.31,Second Class
ORD-2235,2021-12-10,Corporate,Central,Technology,Phones,8,1288.34,0.0,169.59,Standard Class
ORD-2236,2021-12-11,Home Office,East,Furniture,Chairs,1,110.36,0.3,3.04,First Class
ORD-2237,2021-12-13,Consumer,East,Furniture,Bookcases,7,483.96,0.4,9.65,Standard Class
ORD-2238,2021-12-14,Home Office,West,Office Supplies,Binders,8,103.43,0.0,21.92,First Class
ORD-2239,2021-12-16,Consumer,South,Technology,Accessories,11,1698.54,0.0,317.41,Second Class
ORD-2240,2021-12-17,Corporate,East,Furniture,Bookcases,1,249.36,0.0,11.75,First Class
ORD-2241,2021-12-19,Corporate,West,Furniture,Bookcases,10,2724.31,0.0,167.99,Standard Class
ORD-2242,2021-12-20,Corporate,Central,Technology,Phones,9,1408.59,0.0,205.54,Second Class
ORD-2243,2021-12-22,Consumer,South,Furniture,Bookcases,2,388.67,0.1,21.15,Standard Class
ORD-2244,2021-12-23,Consumer,West,Technology,Copiers,6,709.03,0.1,88.18,Standard Class
ORD-2245,2021-12-25,Consumer,South,Furniture,Furnishings,4,550.36,0.0,41.08,Standard Class
ORD-2246,2021-12-26,Consumer,Central,Furniture,Tables,11,1830.03,0.0,91.75,Standard Class
ORD-2247,2021-12-27,Home Office,Central,Furniture,Chairs,8,1782.8,0.0,84.39,Standard Class
ORD-2248,2021-12-29,Consumer,Central,Technology,Accessories,6,590.18,0.0,100.43,First Class
ORD-2249,2021-12-30,Consumer,Central,Office Supplies,Paper,13,297.1,0.1,68.01,First Class
ORD-2250,2022-01-01,Corporate,East,Technology,Phones,3,555.24,0.0,102.65,Standard Class
ORD-2251,2022-01-02,Consumer,South,Office Supplies,Art,4,109.16,0.2,19.21,Second Class
ORD-2252,2022-01-04,Corporate,West,Office Supplies,Storage,11,370.9,0.2,59.02,Standard Class
ORD-2253,2022-01-05,Consumer,East,Office Supplies,Binders,4,59.32,0.1,10.39,Standard Class
ORD-2254,2022-01-07,Consumer,West,Furniture,Chairs,8,1517.26,0.1,59.95,Same Day
ORD-2255,2022-01-08,Corporate,West,Furniture,Furnishings,1,226.8,0.1,9.86,Standard Class
ORD-2256,2022-01-10,Corporate,Central,Furniture,Bookcases,8,1595.56,0.3,44.58,Second Class
ORD-2257,2022-01-11,Consumer,East,Technology,Phones,5,649.11,0.1,108.14,Standard Class
ORD-2258,2022-01-13,Home Office,West,Furniture,Tables,3,617.95,0.2,29.35,First Class
ORD-2259,2022-01-14,Corporate,West,Office Supplies,Envelopes,10,307.35,0.1,51.01,Second Class
ORD-2260,2022-01-15,Corporate,Central,Office Supplies,Storage,12,218.81,0.2,30.83,Standard Class
ORD-2261,2022-01-17,Consumer,Central,Furniture,Chairs,7,1008.1,0.0,50.26,Standard Class
ORD-2262,2022-01-18,Consumer,West,Office Supplies,Storage,7,129.01,0.2,22.76,Standard Class
ORD-2263,2022-01-20,Home Office,Central,Furniture,Tables,13,2175.34,0.1,77.93,Standard Class
ORD-2264,2022-01-21,Consumer,Central,Technology,Computers,8,950.47,0.0,136.57,Standard Class
ORD-2265,2022-01-23,Consumer,South,Technology,Copiers,8,680.46,0.1,109.96,Standard Class
ORD-2266,2022-01-24,Home Office,West,Technology,Phones,13,1567.52,0.1,261.41,Standard Class
ORD-2267,2022-01-26,Corporate,Central,Technology,Phones,8,842.81,0.0,138.26,Standard Class
ORD-2268,2022-01-27,Consumer,South,Technology,Copiers,2,297.17,0.2,29.87,First Class
ORD-2269,2022-01-29,Corporate,Central,Office Supplies,Art,3,120.52,0.0,21.99,Standard Class
ORD-2270,2022-01-30,Corporate,East,Technology,Accessories,5,923.82,0.0,136.47,Standard Class
ORD-2271,2022-02-01,Consumer,East,Office Supplies,Envelopes,2,52.57,0.1,8.06,Standard Class
ORD-2272,2022-02-02,Consumer,Central,Technology,Copiers,6,722.3,0.1,107.47,Standard Class
ORD-2273,2022-02-03,Corporate,East,Furniture,Tables,2,160.68,0.1,7.18,Standard Class
ORD-2274,2022-02-05,Consumer,Central,Furniture,Chairs,3,303.99,0.1,12.83,Standard Class
ORD-2275,2022-02-06,Corporate,Central,Furniture,Tables,12,1217.7,0.0,78.82,Second Class
ORD-2276,2022-02-08,Home Office,South,Office Supplies,Binders,12,311.56,0.2,41.6,First Class
ORD-2277,2022-02-09,Corporate,Central,Furniture,Chairs,11,1369.45,0.1,80.26,Standard Class
ORD-2278,2022-02-11,Corporate,East,Furniture,Furnishings,11,1844.07,0.2,55.0,Standard Class
ORD-2279,2022-02-12,Home Office,West,Furniture,Bookcases,11,1182.05,0.0,89.3,Standard Class
ORD-2280,2022-02-14,Consumer,South,Office Supplies,Paper,2,57.41,0.0,10.12,First Class
ORD-2281,2022-02-15,Consumer,Central,Furniture,Tables,3,673.21,0.3,13.01,Second Class
ORD-2282,2022-02-17,Consumer,East,Technology,Computers,13,928.46,0.1,154.84,Same Day
ORD-2283,2022-02-18,Corporate,East,Technology,Computers,8,1326.75,0.0,211.79,Standard Class
ORD-2284,2022-02-20,Home Office,East,Technology,Accessories,3,549.39,0.2,64.93,Standard Class
ORD-2285,2022-02-21,Corporate,South,Office Supplies,Envelopes,1,24.76,0.1,4.13,Standard Class
ORD-2286,2022-02-22,Consumer,West,Technology,Accessories,13,2771.45,0.0,473.92,First Class
ORD-2287,2022-02-24,Home Office,South,Office Supplies,Paper,11,349.49,0.0,99.24,Standard Class
ORD-2288,2022-02-25,Corporate,South,Furniture,Chairs,1,206.18,0.0,10.61,Standard Class
ORD-2289,2022-02-27,Home Office,Central,Technology,Copiers,1,175.77,0.1,32.8,Standard Class
ORD-2290,2022-02-28,Corporate,West,Furniture,Chairs,11,2987.05,0.1,108.79,Standard Class
ORD-2291,2022-03-02,Corporate,East,Office Supplies,Binders,9,321.37,0.2,46.18,Standard Class
ORD-2292,2022-03-03,Consumer,Central,Furniture,Tables,4,876.18,0.2,27.39,Standard Class
ORD-2293,2022-03-05,Home Office,West,Office Supplies,Binders,11,462.58,0.1,101.23,Standard Class
ORD-2294,2022-03-06,Home Office,West,Technology,Phones,6,1301.42,0.1,179.62,Second Class
ORD-2295,2022-03-08,Consumer,East,Furniture,Bookcases,2,439.95,0.3,11.27,First Class
ORD-2296,2022-03-09,Consumer,South,Technology,Computers,2,278.16,0.1,45.97,Standard Class
ORD-2297,2022-03-11,Consumer,East,Office Supplies,Storage,7,271.53,0.0,45.26,Standard Class
ORD-2298,2022-03-12,Consumer,Central,Office Supplies,Binders,1,37.8,0.2,4.07,Standard Class
ORD-2299,2022-03-13,Consumer,West,Office Supplies,Storage,13,482.15,0.0,105.44,Standard Class
ORD-2300,2022-03-15,Consumer,West,Furniture,Tables,12,1577.96,0.2,77.24,Standard Class
ORD-2301,2022-03-16,Corporate,East,Technology,Phones,1,171.17,0.0,32.55,First Class
ORD-2302,2022-03-18,Consumer,East,Furniture,Chairs,9,2408.21,0.0,155.58,Standard Class
ORD-2303,2022-03-19,Consumer,East,Furniture,Bookcases,7,825.65,0.0,52.05,Standard Class
ORD-2304,2022-03-21,Consumer,Central,Technology,Copiers,8,826.51,0.1,140.66,Second Class
ORD-2305,2022-03-22,Home Office,West,Office Supplies,Envelopes,13,287.47,0.2,32.91,Second Class
ORD-2306,2022-03-24,Corporate,East,Technology,Phones,6,1061.64,0.1,161.02,Standard Class
ORD-2307,2022-03-25,Home Office,East,Furniture,Furnishings,7,1077.94,0.0,56.47,Standard Class
ORD-2308,2022-03-27,Home Office,West,Technology,Copiers,7,1289.26,0.1,173.36,First Class
ORD-2309,2022-03-28,Corporate,South,Furniture,Bookcases,13,1099.12,0.2,50.18,Standard Class
ORD-2310,2022-03-30,Consumer,West,Technology,Copiers,10,2218.25,0.1,413.08,Standard Class
ORD-2311,2022-03-31,Corporate,West,Furniture,Furnishings,8,1794.46,0.0,86.9,First Class
ORD-2312,2022-04-01,Consumer,East,Technology,Computers,4,573.16,0.0,83.44,Second Class
ORD-2313,2022-04-03,Consumer,West,Technology,Copiers,6,400.12,0.0,60.38,Second Class
ORD-2314,2022-04-04,Consumer,South,Technology,Computers,9,1266.7,0.0,198.22,Standard Class
ORD-2315,2022-04-06,Consumer,Central,Office Supplies,Storage,2,52.49,0.1,8.62,Second Class
ORD-2316,2022-04-07,Consumer,East,Office Supplies,Storage,3,96.07,0.0,23.76,Standard Class
ORD-2317,2022-04-09,Corporate,East,Technology,Copiers,4,413.56,0.2,56.97,Second Class
ORD-2318,2022-04-10,Consumer,South,Office Supplies,Storage,7,93.17,0.0,23.05,First Class
ORD-2319,2022-04-12,Home Office,East,Office Supplies,Storage,5,161.47,0.0,30.54,Second Class
ORD-2320,2022-04-13,Home Office,East,Technology,Copiers,7,709.49,0.2,76.69,Standard Class
ORD-2321,2022-04-15,Consumer,West,Office Supplies,Paper,6,177.53,0.0,39.21,Standard Class
ORD-2322,2022-04-16,Consumer,South,Technology,Accessories,13,1248.6,0.2,141.15,First Class
ORD-2323,2022-04-18,Corporate,South,Furniture,Chairs,9,1783.34,0.0,130.15,Same Day
ORD-2324,2022-04-19,Home Office,South,Office Supplies,Storage,5,124.17,0.1,26.98,Standard Class
ORD-2325,2022-04-20,Consumer,South,Technology,Phones,9,1231.99,0.1,212.57,Second Class
ORD-2326,2022-04-22,Consumer,East,Technology,Computers,6,624.14,0.0,99.83,Second Class
ORD-2327,2022-04-23,Consumer,East,Technology,Phones,12,998.35,0.2,84.15,First Class
ORD-2328,2022-04-25,Consumer,East,Technology,Phones,10,1487.23,0.1,222.73,Standard Class
ORD-2329,2022-04-26,Consumer,South,Furniture,Bookcases,1,136.92,0.1,7.62,Standard Class
ORD-2330,2022-04-28,Corporate,Central,Technology,Copiers,8,684.38,0.0,116.4,Standard Class
ORD-2331,2022-04-29,Corporate,West,Office Supplies,Storage,1,36.36,0.2,5.6,Standard Class
ORD-2332,2022-05-01,Consumer,South,Technology,Copiers,3,285.41,0.1,43.51,Standard Class
ORD-2333,2022-05-02,Corporate,West,Technology,Computers,3,559.37,0.0,121.25,Standard Class
ORD-2334,2022-05-04,Consumer,Central,Furniture,Tables,1,174.22,0.0,7.55,Standard Class
ORD-2335,2022-05-05,Corporate,West,Technology,Accessories,2,435.21,0.2,51.73,Second Class
ORD-2336,2022-05-07,Corporate,South,Office Supplies,Art,3,111.97,0.2,14.07,Second Class
ORD-2337,2022-05-08,Consumer,West,Furniture,Bookcases,10,2078.91,0.1,123.3,Standard Class
ORD-2338,2022-05-09,Consumer,East,Furniture,Furnishings,7,903.85,0.0,64.16,Second Class
ORD-2339,2022-05-11,Corporate,South,Office Supplies,Storage,2,50.49,0.0,9.85,First Class
ORD-2340,2022-05-12,Consumer,East,Furniture,Chairs,11,995.96,0.0,72.12,Second Class
ORD-2341,2022-05-14,Corporate,East,Furniture,Chairs,7,1134.84,0.0,83.27,Second Class
ORD-2342,2022-05-15,Consumer,East,Furniture,Chairs,5,874.13,0.0,49.63,Second Class
ORD-2343,2022-05-17,Consumer,Central,Technology,Accessories,1,198.76,0.1,31.04,First Class
ORD-2344,2022-05-18,Consumer,East,Furniture,Bookcases,6,775.51,0.1,49.3,Standard Class
ORD-2345,2022-05-20,Consumer,South,Technology,Accessories,7,1268.63,0.4,55.84,First Class
ORD-2346,2022-05-21,Consumer,West,Office Supplies,Binders,10,389.89,0.0,96.02,Second Class
ORD-2347,2022-05-23,Corporate,Central,Office Supplies,Paper,9,111.95,0.2,20.17,Standard Class
ORD-2348,2022-05-24,Corporate,Central,Furniture,Chairs,13,1423.94,0.2,55.51,Standard Class
ORD-2349,2022-05-26,Corporate,Central,Technology,Accessories,6,952.73,0.1,164.99,Standard Class
ORD-2350,2022-05-27,Consumer,Central,Technology,Phones,1,153.72,0.1,20.4,Second Class
ORD-2351,2022-05-28,Consumer,East,Office Supplies,Binders,8,365.21,0.0,67.56,Standard Class
ORD-2352,2022-05-30,Home Office,Central,Office Supplies,Binders,3,63.53,0.1,11.08,Standard Class
ORD-2353,2022-05-31,Corporate,West,Office Supplies,Envelopes,2,40.04,0.3,3.75,Standard Class
ORD-2354,2022-06-02,Corporate,Central,Furniture,Tables,7,800.72,0.2,35.38,Standard Class
ORD-2355,2022-06-03,Home Office,South,Technology,Computers,7,1205.24,0.0,198.29,Same Day
ORD-2356,2022-06-05,Consumer,Central,Technology,Copiers,6,902.89,0.2,98.47,Standard Class
ORD-2357,2022-06-06,Corporate,South,Furniture,Tables,11,2072.68,0.0,89.34,Second Class
ORD-2358,2022-06-08,Home Office,South,Technology,Computers,5,359.24,0.0,51.88,Standard Class
ORD-2359,2022-06-09,Home Office,West,Office Supplies,Art,13,587.71,0.3,75.34,Standard Class
ORD-2360,2022-06-11,Consumer,South,Furniture,Furnishings,11,732.18,0.2,30.34,Standard Class
ORD-2361,2022-06-12,Consumer,West,Technology,Computers,1,62.4,0.0,14.37,Second Class
ORD-2362,2022-06-14,Corporate,West,Furniture,Chairs,12,1751.49,0.2,68.08,Standard Class
ORD-2363,2022-06-15,Consumer,Central,Furniture,Bookcases,9,1445.62,0.2,52.68,Standard Class
ORD-2364,2022-06-16,Corporate,Central,Furniture,Tables,11,1273.93,0.2,57.33,Same Day
ORD-2365,2022-06-18,Home Office,Central,Office Supplies,Envelopes,5,156.49,0.2,17.5,Second Class
ORD-2366,2022-06-19,Home Office,Central,Office Supplies,Art,6,85.73,0.1,19.46,Standard Class
ORD-2367,2022-06-21,Corporate,East,Technology,Computers,4,448.47,0.0,97.99,Second Class
ORD-2368,2022-06-22,Consumer,Central,Technology,Phones,5,627.76,0.2,66.32,First Class
ORD-2369,2022-06-24,Corporate,West,Technology,Copiers,2,232.59,0.1,29.51,Standard Class
ORD-2370,2022-06-25,Home Office,West,Office Supplies,Envelopes,6,78.5,0.0,15.49,Same Day
ORD-2371,2022-06-27,Home Office,South,Furniture,Chairs,2,215.81,0.0,10.25,Same Day
ORD-2372,2022-06-28,Consumer,West,Technology,Phones,11,752.94,0.4,39.91,Second Class
ORD-2373,2022-06-30,Corporate,South,Technology,Copiers,8,637.98,0.0,126.08,Second Class
ORD-2374,2022-07-01,Corporate,South,Office Supplies,Art,8,185.32,0.0,43.07,Standard Class
ORD-2375,2022-07-03,Corporate,East,Furniture,Tables,6,1418.57,0.0,70.67,Standard Class
ORD-2376,2022-07-04,Consumer,South,Office Supplies,Binders,4,110.03,0.1,20.22,Standard Class
ORD-2377,2022-07-05,Corporate,South,Office Supplies,Binders,4,150.74,0.0,37.97,Standard Class
ORD-2378,2022-07-07,Consumer,South,Furniture,Tables,6,463.32,0.0,25.7,First Class
ORD-2379,2022-07-08,Home Office,South,Technology,Accessories,10,1211.19,0.0,175.76,Same Day
ORD-2380,2022-07-10,Corporate,West,Technology,Computers,5,680.25,0.1,84.41,Second Class
ORD-2381,2022-07-11,Consumer,East,Technology,Copiers,7,725.34,0.0,151.46,Standard Class
ORD-2382,2022-07-13,Consumer,South,Office Supplies,Binders,12,290.31,0.4,15.24,Standard Class
ORD-2383,2022-07-14,Consumer,East,Technology,Copiers,12,1817.24,0.1,329.83,Standard Class
ORD-2384,2022-07-16,Consumer,South,Furniture,Bookcases,7,838.02,0.0,50.95,Standard Class
ORD-2385,2022-07-17,Consumer,West,Furniture,Bookcases,8,689.15,0.0,52.66,Standard Class
ORD-2386,2022-07-19,Consumer,East,Technology,Computers,3,586.41,0.2,54.45,Standard Class
ORD-2387,2022-07-20,Corporate,West,Furniture,Bookcases,8,607.71,0.1,32.54,First Class
ORD-2388,2022-07-22,Corporate,East,Office Supplies,Binders,3,141.3,0.2,15.64,Second Class
ORD-2389,2022-07-23,Corporate,West,Technology,Accessories,13,1872.96,0.4,88.07,Standard Class
ORD-2390,2022-07-24,Corporate,West,Furniture,Furnishings,13,1652.55,0.0,128.35,Second Class
ORD-2391,2022-07-26,Consumer,East,Technology,Phones,1,82.2,0.1,13.24,Standard Class
ORD-2392,2022-07-27,Home Office,South,Furniture,Chairs,12,969.32,0.3,29.53,First Class
ORD-2393,2022-07-29,Corporate,West,Office Supplies,Paper,8,181.03,0.1,27.18,Standard Class
ORD-2394,2022-07-30,Consumer,South,Technology,Accessories,3,197.06,0.4,12.39,Standard Class
ORD-2395,2022-08-01,Home Office,East,Technology,Phones,7,1457.23,0.1,190.55,Second Class
ORD-2396,2022-08-02,Corporate,Central,Office Supplies,Paper,8,336.46,0.0,63.35,Standard Class
ORD-2397,2022-08-04,Consumer,Central,Office Supplies,Binders,13,520.43,0.4,25.76,Standard Class
ORD-2398,2022-08-05,Corporate,East,Furniture,Chairs,5,716.28,0.1,31.25,Standard Class
ORD-2399,2022-08-07,Corporate,West,Office Supplies,Binders,3,103.06,0.1,22.34,First Class
ORD-2400,2022-08-08,Consumer,East,Office Supplies,Binders,13,310.65,0.2,39.99,Standard Class
ORD-2401,2022-08-10,Consumer,West,Office Supplies,Storage,9,305.73,0.0,53.56,Standard Class
ORD-2402,2022-08-11,Corporate,South,Technology,Accessories,5,482.84,0.1,81.21,Standard Class
ORD-2403,2022-08-12,Consumer,Central,Technology,Accessories,13,1106.08,0.0,251.55,First Class
ORD-2404,2022-08-14,Home Office,Central,Furniture,Tables,12,2602.98,0.0,181.99,Standard Class
ORD-2405,2022-08-15,Consumer,Central,Furniture,Tables,9,1957.35,0.0,108.06,First Class
ORD-2406,2022-08-17,Home Office,South,Office Supplies,Art,1,31.48,0.1,6.87,Second Class
ORD-2407,2022-08-18,Corporate,East,Office Supplies,Storage,5,173.65,0.0,32.72,Second Class
ORD-2408,2022-08-20,Consumer,East,Office Supplies,Storage,8,241.31,0.3,21.1,Standard Class
ORD-2409,2022-08-21,Corporate,South,Technology,Copiers,2,321.16,0.1,55.05,Standard Class
ORD-2410,2022-08-23,Corporate,West,Technology,Accessories,6,376.06,0.1,60.0,Standard Class
ORD-2411,2022-08-24,Consumer,West,Office Supplies,Art,11,352.61,0.0,73.95,Standard Class
ORD-2412,2022-08-26,Corporate,West,Office Supplies,Binders,3,81.79,0.0,17.24,Standard Class
ORD-2413,2022-08-27,Consumer,Central,Office Supplies,Binders,8,140.38,0.0,33.46,Standard Class
ORD-2414,2022-08-29,Consumer,Central,Furniture,Furnishings,5,957.11,0.0,45.14,Standard Class
ORD-2415,2022-08-30,Consumer,South,Furniture,Bookcases,7,1486.88,0.2,49.83,Standard Class
ORD-2416,2022-08-31,Corporate,East,Furniture,Bookcases,5,828.17,0.0,36.34,First Class
ORD-2417,2022-09-02,Corporate,South,Office Supplies,Storage,6,173.04,0.2,25.43,First Class
ORD-2418,2022-09-03,Consumer,South,Technology,Computers,12,1070.97,0.3,68.21,Standard Class
ORD-2419,2022-09-05,Consumer,South,Technology,Copiers,11,1285.02,0.3,124.69,Standard Class
ORD-2420,2022-09-06,Consumer,West,Furniture,Bookcases,9,1962.01,0.3,47.62,Standard Class
ORD-2421,2022-09-08,Consumer,West,Technology,Accessories,3,599.79,0.2,48.87,Standard Class
ORD-2422,2022-09-09,Home Office,West,Furniture,Bookcases,5,382.02,0.0,21.96,Standard Class
ORD-2423,2022-09-11,Consumer,South,Technology,Computers,7,705.28,0.0,145.24,Standard Class
ORD-2424,2022-09-12,Home Office,West,Furniture,Bookcases,5,402.81,0.1,24.5,Same Day
ORD-2425,2022-09-14,Consumer,East,Technology,Accessories,3,483.63,0.0,62.87,Standard Class
ORD-2426,2022-09-15,Consumer,East,Furniture,Chairs,1,171.42,0.0,9.92,Second Class
ORD-2427,2022-09-17,Home Office,Central,Furniture,Tables,1,60.5,0.0,3.95,Standard Class
ORD-2428,2022-09-18,Corporate,Central,Furniture,Tables,6,1088.51,0.0,52.8,Standard Class
ORD-2429,2022-09-19,Home Office,South,Office Supplies,Envelopes,1,31.07,0.0,8.75,First Class
ORD-2430,2022-09-21,Consumer,South,Furniture,Furnishings,12,1168.95,0.1,69.22,First Class
ORD-2431,2022-09-22,Consumer,Central,Furniture,Tables,2,360.75,0.0,27.7,Standard Class
ORD-2432,2022-09-24,Corporate,South,Technology,Copiers,7,347.45,0.0,67.28,Second Class
ORD-2433,2022-09-25,Corporate,West,Furniture,Tables,12,2183.09,0.0,109.63,Standard Class
ORD-2434,2022-09-27,Consumer,South,Technology,Copiers,9,542.3,0.2,47.57,Standard Class
ORD-2435,2022-09-28,Consumer,Central,Technology,Accessories,7,1399.95,0.0,259.63,Second Class
ORD-2436,2022-09-30,Home Office,West,Furniture,Bookcases,3,488.16,0.1,17.12,First Class
ORD-2437,2022-10-01,Corporate,East,Office Supplies,Binders,4,150.24,0.1,29.26,Standard Class
ORD-2438,2022-10-03,Consumer,East,Furniture,Chairs,13,3078.35,0.1,179.41,Second Class
ORD-2439,2022-10-04,Consumer,South,Furniture,Furnishings,3,466.22,0.0,25.62,Standard Class
ORD-2440,2022-10-06,Consumer,Central,Furniture,Tables,10,1378.53,0.1,68.38,Standard Class
ORD-2441,2022-10-07,Consumer,South,Office Supplies,Storage,2,61.38,0.0,13.38,Standard Class
ORD-2442,2022-10-08,Consumer,Central,Office Supplies,Paper,12,139.12,0.0,30.55,Standard Class
ORD-2443,2022-10-10,Consumer,East,Office Supplies,Envelopes,10,258.38,0.2,26.12,First Class
ORD-2444,2022-10-11,Consumer,West,Office Supplies,Envelopes,7,335.5,0.2,45.39,Second Class
ORD-2445,2022-10-13,Consumer,East,Furniture,Furnishings,10,1528.73,0.1,56.56,Same Day
ORD-2446,2022-10-14,Consumer,South,Office Supplies,Storage,3,59.3,0.3,6.28,Second Class
ORD-2447,2022-10-16,Home Office,Central,Furniture,Tables,6,951.38,0.0,45.58,Second Class
ORD-2448,2022-10-17,Corporate,Central,Furniture,Bookcases,13,1498.93,0.3,45.6,Standard Class
ORD-2449,2022-10-19,Consumer,Central,Office Supplies,Art,8,215.78,0.2,34.42,Second Class
ORD-2450,2022-10-20,Corporate,Central,Furniture,Chairs,3,470.06,0.1,29.41,Standard Class
ORD-2451,2022-10-22,Corporate,West,Office Supplies,Envelopes,6,252.67,0.1,45.85,First Class
ORD-2452,2022-10-23,Home Office,South,Technology,Phones,5,748.73,0.0,148.44,Second Class
ORD-2453,2022-10-25,Corporate,Central,Technology,Accessories,13,1462.55,0.1,198.45,Second Class
ORD-2454,2022-10-26,Corporate,Central,Technology,Computers,11,780.05,0.0,119.99,Second Class
ORD-2455,2022-10-27,Corporate,South,Technology,Phones,9,657.13,0.1,116.23,Standard Class
ORD-2456,2022-10-29,Corporate,East,Furniture,Chairs,13,1528.24,0.2,41.25,Standard Class
ORD-2457,2022-10-30,Consumer,East,Furniture,Bookcases,8,1837.77,0.4,34.28,First Class
ORD-2458,2022-11-01,Consumer,Central,Technology,Computers,8,1496.11,0.1,226.05,Standard Class
ORD-2459,2022-11-02,Consumer,South,Office Supplies,Binders,12,282.29,0.0,69.11,First Class
ORD-2460,2022-11-04,Consumer,West,Furniture,Tables,1,156.72,0.1,7.09,Second Class
ORD-2461,2022-11-05,Consumer,East,Office Supplies,Binders,1,24.55,0.1,5.62,Standard Class
ORD-2462,2022-11-07,Home Office,East,Technology,Computers,4,450.25,0.2,59.71,Second Class
ORD-2463,2022-11-08,Corporate,Central,Technology,Phones,7,786.66,0.2,71.54,Second Class
ORD-2464,2022-11-10,Consumer,South,Office Supplies,Binders,6,198.48,0.0,34.02,Standard Class
ORD-2465,2022-11-11,Consumer,West,Furniture,Furnishings,8,1952.51,0.2,78.47,Standard Class
ORD-2466,2022-11-13,Home Office,Central,Office Supplies,Art,12,312.63,0.1,49.09,Second Class
ORD-2467,2022-11-14,Consumer,West,Technology,Accessories,9,1748.0,0.0,290.91,Standard Class
ORD-2468,2022-11-15,Home Office,Central,Office Supplies,Art,9,318.28,0.0,76.82,Second Class
ORD-2469,2022-11-17,Consumer,Central,Furniture,Bookcases,13,2876.26,0.1,126.88,Standard Class
ORD-2470,2022-11-18,Corporate,West,Furniture,Tables,5,869.28,0.1,50.81,Same Day
ORD-2471,2022-11-20,Consumer,West,Technology,Copiers,8,1303.24,0.1,167.45,First Class
ORD-2472,2022-11-21,Corporate,South,Technology,Phones,9,871.74,0.2,100.88,Standard Class
ORD-2473,2022-11-23,Corporate,Central,Furniture,Bookcases,1,111.71,0.1,5.89,Same Day
ORD-2474,2022-11-24,Corporate,South,Furniture,Chairs,12,1905.31,0.0,123.5,Second Class
ORD-2475,2022-11-26,Home Office,Central,Technology,Copiers,11,2020.73,0.0,385.67,Standard Class
ORD-2476,2022-11-27,Consumer,West,Technology,Phones,6,517.6,0.2,65.76,Second Class
ORD-2477,2022-11-29,Home Office,East,Office Supplies,Envelopes,3,92.09,0.0,17.03,First Class
ORD-2478,2022-11-30,Consumer,West,Technology,Accessories,1,163.85,0.2,23.39,Second Class
ORD-2479,2022-12-02,Corporate,South,Technology,Computers,2,248.25,0.4,8.98,Standard Class
ORD-2480,2022-12-03,Consumer,South,Office Supplies,Binders,13,294.97,0.1,39.19,Standard Class
ORD-2481,2022-12-04,Consumer,South,Office Supplies,Envelopes,6,230.09,0.2,24.87,Standard Class
ORD-2482,2022-12-06,Corporate,West,Office Supplies,Envelopes,2,86.09,0.0,16.06,Second Class
ORD-2483,2022-12-07,Corporate,West,Technology,Copiers,4,852.23,0.2,103.31,Standard Class
ORD-2484,2022-12-09,Consumer,South,Office Supplies,Art,13,381.03,0.0,69.48,Standard Class
ORD-2485,2022-12-10,Consumer,East,Office Supplies,Art,5,165.75,0.0,36.63,Standard Class
ORD-2486,2022-12-12,Corporate,South,Office Supplies,Paper,7,131.06,0.2,18.77,Same Day
ORD-2487,2022-12-13,Consumer,West,Office Supplies,Art,11,515.54,0.1,108.81,Second Class
ORD-2488,2022-12-15,Home Office,South,Office Supplies,Envelopes,5,75.15,0.0,15.63,First Class
ORD-2489,2022-12-16,Consumer,Central,Technology,Phones,11,1913.42,0.3,194.28,Standard Class
ORD-2490,2022-12-18,Consumer,East,Technology,Copiers,6,500.03,0.0,84.44,Standard Class
ORD-2491,2022-12-19,Consumer,West,Office Supplies,Art,3,116.87,0.0,30.06,Second Class
ORD-2492,2022-12-21,Consumer,South,Technology,Computers,5,735.19,0.1,127.61,Same Day
ORD-2493,2022-12-22,Consumer,East,Office Supplies,Art,2,92.48,0.0,24.35,Second Class
ORD-2494,2022-12-23,Home Office,Central,Furniture,Bookcases,4,446.72,0.1,19.55,Standard Class
ORD-2495,2022-12-25,Consumer,South,Technology,Copiers,4,189.02,0.0,25.75,Same Day
ORD-2496,2022-12-26,Corporate,East,Furniture,Chairs,13,980.25,0.2,38.99,Standard Class
ORD-2497,2022-12-28,Consumer,West,Furniture,Chairs,8,716.97,0.2,28.41,Standard Class
ORD-2498,2022-12-29,Home Office,East,Technology,Computers,3,681.08,0.2,56.36,Second Class
ORD-2499,2022-12-31,Corporate,South,Furniture,Chairs,5,478.15,0.0,32.9,Standard Class
ORD-2500,2023-01-01,Corporate,South,Furniture,Tables,2,273.19,0.2,13.57,Second Class
ORD-2501,2023-01-03,Corporate,West,Office Supplies,Binders,5,76.45,0.1,17.41,Second Class
ORD-2502,2023-01-04,Corporate,South,Technology,Phones,4,269.39,0.0,57.11,Standard Class
ORD-2503,2023-01-06,Consumer,West,Technology,Copiers,8,1237.95,0.3,126.0,Standard Class
ORD-2504,2023-01-07,Corporate,East,Technology,Phones,3,299.52,0.0,47.38,Second Class
ORD-2505,2023-01-09,Corporate,East,Furniture,Bookcases,11,2175.17,0.0,119.79,Standard Class
ORD-2506,2023-01-10,Consumer,Central,Technology,Phones,12,1946.8,0.1,279.88,Standard Class
ORD-2507,2023-01-11,Consumer,Central,Furniture,Tables,7,1144.5,0.2,37.34,Standard Class
ORD-2508,2023-01-13,Consumer,East,Office Supplies,Art,4,145.9,0.0,37.65,First Class
ORD-2509,2023-01-14,Home Office,East,Furniture,Bookcases,11,787.22,0.1,31.43,Second Class
ORD-2510,2023-01-16,Consumer,East,Technology,Copiers,10,2280.24,0.1,324.12,First Class
ORD-2511,2023-01-17,Consumer,West,Technology,Computers,11,1910.92,0.0,272.22,Standard Class
ORD-2512,2023-01-19,Corporate,South,Furniture,Furnishings,9,1038.44,0.1,49.73,Standard Class
ORD-2513,2023-01-20,Consumer,East,Furniture,Furnishings,6,1143.19,0.0,69.67,Standard Class
ORD-2514,2023-01-22,Corporate,South,Furniture,Chairs,7,646.76,0.0,35.0,First Class
ORD-2515,2023-01-23,Home Office,Central,Office Supplies,Envelopes,11,125.71,0.2,21.19,Same Day
ORD-2516,2023-01-25,Consumer,East,Furniture,Chairs,2,275.48,0.3,9.31,First Class
ORD-2517,2023-01-26,Corporate,East,Office Supplies,Envelopes,9,214.41,0.0,46.26,Standard Class
ORD-2518,2023-01-28,Home Office,West,Office Supplies,Art,2,47.06,0.3,5.16,Standard Class
ORD-2519,2023-01-29,Consumer,East,Technology,Phones,9,1959.3,0.0,308.13,Standard Class
ORD-2520,2023-01-30,Consumer,Central,Technology,Accessories,13,1997.68,0.1,321.5,Standard Class
ORD-2521,2023-02-01,Corporate,East,Office Supplies,Envelopes,7,109.21,0.3,11.12,Standard Class
ORD-2522,2023-02-02,Consumer,Central,Furniture,Bookcases,5,322.05,0.1,11.53,First Class
ORD-2523,2023-02-04,Consumer,South,Furniture,Chairs,13,1209.03,0.1,56.48,Second Class
ORD-2524,2023-02-05,Consumer,South,Technology,Computers,2,96.52,0.1,10.76,Standard Class
ORD-2525,2023-02-07,Consumer,South,Office Supplies,Art,9,121.82,0.2,13.7,Second Class
ORD-2526,2023-02-08,Consumer,East,Technology,Computers,12,1287.98,0.3,133.03,Second Class
ORD-2527,2023-02-10,Consumer,Central,Furniture,Bookcases,5,901.69,0.1,35.74,Standard Class
ORD-2528,2023-02-11,Consumer,South,Furniture,Tables,7,667.74,0.1,36.92,First Class
ORD-2529,2023-02-13,Consumer,West,Office Supplies,Art,1,30.26,0.4,2.33,Standard Class
ORD-2530,2023-02-14,Consumer,Central,Office Supplies,Envelopes,7,284.91,0.0,77.25,Second Class
ORD-2531,2023-02-16,Corporate,East,Office Supplies,Envelopes,7,214.6,0.0,48.55,Standard Class
ORD-2532,2023-02-17,Home Office,West,Furniture,Chairs,10,2600.26,0.2,123.53,Standard Class
ORD-2533,2023-02-18,Consumer,West,Furniture,Furnishings,7,1282.32,0.1,53.7,First Class
ORD-2534,2023-02-20,Consumer,Central,Office Supplies,Envelopes,4,128.67,0.0,23.67,Second Class
ORD-2535,2023-02-21,Corporate,Central,Furniture,Chairs,10,658.39,0.2,28.16,Standard Class
ORD-2536,2023-02-23,Consumer,East,Furniture,Bookcases,1,212.52,0.1,11.61,Second Class
ORD-2537,2023-02-24,Consumer,East,Office Supplies,Paper,5,184.14,0.1,27.18,Standard Class
ORD-2538,2023-02-26,Consumer,Central,Technology,Phones,13,2464.66,0.1,279.96,Same Day
ORD-2539,2023-02-27,Consumer,East,Office Supplies,Binders,3,126.92,0.3,9.73,Standard Class
ORD-2540,2023-03-01,Corporate,Central,Furniture,Chairs,13,1031.43,0.0,44.46,Standard Class
ORD-2541,2023-03-02,Consumer,East,Technology,Copiers,9,1513.98,0.2,174.4,Standard Class
ORD-2542,2023-03-04,Consumer,East,Furniture,Bookcases,2,489.92,0.0,31.03,Standard Class
ORD-2543,2023-03-05,Corporate,East,Furniture,Chairs,12,2622.37,0.2,86.37,Standard Class
ORD-2544,2023-03-07,Corporate,Central,Technology,Computers,4,501.19,0.0,98.2,Standard Class
ORD-2545,2023-03-08,Corporate,West,Technology,Accessories,8,1209.62,0.0,162.55,Second Class
ORD-2546,2023-03-09,Consumer,South,Technology,Computers,4,671.49,0.0,88.77,Second Class
ORD-2547,2023-03-11,Corporate,South,Office Supplies,Storage,5,195.13,0.0,40.36,Standard Class
ORD-2548,2023-03-12,Home Office,West,Furniture,Furnishings,1,150.03,0.1,6.42,Standard Class
ORD-2549,2023-03-14,Home Office,Central,Technology,Copiers,7,882.15,0.2,96.36,Standard Class
ORD-2550,2023-03-15,Consumer,East,Furniture,Tables,7,823.06,0.1,38.07,Standard Class
ORD-2551,2023-03-17,Consumer,West,Technology,Phones,6,1385.58,0.0,306.65,Second Class
ORD-2552,2023-03-18,Consumer,West,Technology,Copiers,10,673.27,0.0,142.35,Same Day
ORD-2553,2023-03-20,Consumer,Central,Technology,Accessories,6,660.9,0.3,44.47,First Class
ORD-2554,2023-03-21,Consumer,East,Furniture,Furnishings,1,70.05,0.0,3.06,Standard Class
ORD-2555,2023-03-23,Corporate,South,Office Supplies,Paper,1,26.88,0.1,6.3,First Class
ORD-2556,2023-03-24,Corporate,Central,Office Supplies,Art,5,78.59,0.0,20.68,Standard Class
ORD-2557,2023-03-26,Consumer,Central,Furniture,Tables,11,2088.57,0.2,67.37,Standard Class
ORD-2558,2023-03-27,Corporate,West,Furniture,Tables,1,184.23,0.1,11.7,First Class
ORD-2559,2023-03-28,Consumer,West,Technology,Computers,4,805.59,0.1,151.72,Standard Class
ORD-2560,2023-03-30,Consumer,Central,Technology,Accessories,3,261.91,0.0,45.18,First Class
ORD-2561,2023-03-31,Home Office,Central,Technology,Copiers,9,1432.34,0.3,102.71,First Class
ORD-2562,2023-04-02,Home Office,West,Technology,Computers,8,1854.53,0.0,356.14,Standard Class
ORD-2563,2023-04-03,Consumer,South,Technology,Phones,12,729.48,0.1,112.17,Standard Class
ORD-2564,2023-04-05,Consumer,East,Furniture,Tables,1,75.16,0.0,3.98,Standard Class
ORD-2565,2023-04-06,Consumer,West,Technology,Accessories,12,1502.44,0.4,95.09,Standard Class
ORD-2566,2023-04-08,Corporate,South,Furniture,Furnishings,10,1563.63,0.0,108.12,First Class
ORD-2567,2023-04-09,Consumer,East,Office Supplies,Envelopes,12,506.6,0.1,99.31,Standard Class
ORD-2568,2023-04-11,Corporate,East,Technology,Computers,7,1282.95,0.4,69.2,Standard Class
ORD-2569,2023-04-12,Corporate,South,Technology,Phones,12,2167.42,0.2,304.47,Standard Class
ORD-2570,2023-04-14,Corporate,West,Technology,Copiers,1,136.37,0.2,13.53,Standard Class
ORD-2571,2023-04-15,Corporate,West,Furniture,Chairs,11,1687.16,0.1,75.07,Standard Class
ORD-2572,2023-04-16,Consumer,West,Furniture,Chairs,7,785.39,0.0,38.6,Standard Class
ORD-2573,2023-04-18,Corporate,Central,Furniture,Chairs,3,568.11,0.4,7.82,Second Class
ORD-2574,2023-04-19,Corporate,East,Furniture,Chairs,13,3051.25,0.0,228.89,Standard Class
ORD-2575,2023-04-21,Consumer,Central,Furniture,Furnishings,13,1138.46,0.0,83.45,Standard Class
ORD-2576,2023-04-22,Consumer,West,Technology,Accessories,2,241.45,0.2,32.52,Second Class
ORD-2577,2023-04-24,Corporate,Central,Technology,Phones,9,552.03,0.1,69.22,Standard Class
ORD-2578,2023-04-25,Corporate,East,Office Supplies,Storage,1,17.77,0.1,3.76,Standard Class
ORD-2579,2023-04-27,Corporate,South,Technology,Copiers,7,1287.42,0.1,184.83,Standard Class
ORD-2580,2023-04-28,Consumer,South,Furniture,Tables,8,995.29,0.0,43.58,Standard Class
ORD-2581,2023-04-30,Corporate,East,Furniture,Furnishings,7,781.83,0.3,27.97,Standard Class
ORD-2582,2023-05-01,Corporate,West,Furniture,Tables,9,1812.68,0.0,101.71,Standard Class
ORD-2583,2023-05-03,Consumer,South,Office Supplies,Storage,10,332.8,0.1,53.93,Second Class
ORD-2584,2023-05-04,Consumer,East,Technology,Computers,5,563.66,0.0,99.98,Standard Class
ORD-2585,2023-05-05,Consumer,Central,Office Supplies,Art,11,350.96,0.1,63.43,Standard Class
ORD-2586,2023-05-07,Home Office,East,Furniture,Chairs,5,517.16,0.2,15.52,Standard Class
ORD-2587,2023-05-08,Corporate,East,Technology,Accessories,1,92.5,0.1,15.34,Standard Class
ORD-2588,2023-05-10,Corporate,East,Technology,Phones,13,946.1,0.0,136.16,Second Class
ORD-2589,2023-05-11,Corporate,South,Office Supplies,Envelopes,6,218.57,0.2,32.42,Second Class
ORD-2590,2023-05-13,Consumer,Central,Technology,Accessories,6,377.78,0.0,50.01,Standard Class
ORD-2591,2023-05-14,Home Office,Central,Technology,Copiers,2,158.88,0.4,7.7,Standard Class
ORD-2592,2023-05-16,Home Office,South,Office Supplies,Art,6,179.92,0.0,39.72,Standard Class
ORD-2593,2023-05-17,Consumer,West,Furniture,Chairs,1,104.01,0.0,5.1,Standard Class
ORD-2594,2023-05-19,Consumer,East,Furniture,Bookcases,5,735.82,0.0,37.13,First Class
ORD-2595,2023-05-20,Corporate,South,Furniture,Chairs,4,799.49,0.0,38.03,Standard Class
ORD-2596,2023-05-22,Home Office,Central,Technology,Copiers,13,851.06,0.0,180.1,Same Day
ORD-2597,2023-05-23,Home Office,East,Technology,Accessories,12,2179.98,0.0,329.73,Standard Class
ORD-2598,2023-05-24,Consumer,Central,Technology,Accessories,12,892.73,0.3,56.72,First Class
ORD-2599,2023-05-26,Consumer,West,Furniture,Furnishings,7,851.68,0.0,50.44,Standard Class
ORD-2600,2023-05-27,Consumer,East,Technology,Phones,13,1815.16,0.0,359.61,Standard Class
ORD-2601,2023-05-29,Home Office,South,Technology,Copiers,3,467.26,0.0,88.44,Standard Class
ORD-2602,2023-05-30,Consumer,West,Technology,Copiers,1,144.19,0.3,8.4,Standard Class
ORD-2603,2023-06-01,Consumer,Central,Technology,Accessories,13,2300.33,0.0,397.11,Standard Class
ORD-2604,2023-06-02,Home Office,South,Furniture,Furnishings,12,926.13,0.0,40.99,Standard Class
ORD-2605,2023-06-04,Home Office,West,Technology,Phones,8,622.39,0.1,104.35,Second Class
ORD-2606,2023-06-05,Corporate,West,Technology,Accessories,8,626.67,0.0,96.03,Standard Class
ORD-2607,2023-06-07,Home Office,South,Furniture,Tables,7,1316.29,0.1,76.56,Second Class
ORD-2608,2023-06-08,Consumer,South,Office Supplies,Storage,7,151.61,0.3,17.33,Standard Class
ORD-2609,2023-06-10,Corporate,West,Office Supplies,Envelopes,9,425.42,0.2,65.36,Second Class
ORD-2610,2023-06-11,Corporate,West,Office Supplies,Storage,7,281.72,0.2,29.82,Standard Class
ORD-2611,2023-06-12,Consumer,Central,Furniture,Chairs,3,517.09,0.0,36.3,Standard Class
ORD-2612,2023-06-14,Consumer,Central,Technology,Computers,7,1262.96,0.0,249.39,Second Class
ORD-2613,2023-06-15,Consumer,South,Office Supplies,Art,7,110.95,0.1,25.14,Second Class
ORD-2614,2023-06-17,Home Office,East,Office Supplies,Envelopes,8,252.58,0.0,66.28,Standard Class
ORD-2615,2023-06-18,Consumer,South,Office Supplies,Art,10,352.6,0.1,52.49,First Class
ORD-2616,2023-06-20,Corporate,West,Technology,Computers,11,2148.61,0.0,456.86,Standard Class
ORD-2617,2023-06-21,Consumer,Central,Furniture,Bookcases,3,496.65,0.0,38.58,First Class
ORD-2618,2023-06-23,Consumer,South,Furniture,Tables,5,1074.47,0.0,46.09,First Class
ORD-2619,2023-06-24,Corporate,South,Technology,Copiers,5,277.92,0.0,35.47,Second Class
ORD-2620,2023-06-26,Consumer,South,Technology,Accessories,11,1352.94,0.1,187.52,Second Class
ORD-2621,2023-06-27,Consumer,East,Furniture,Furnishings,11,815.51,0.0,62.56,Standard Class
ORD-2622,2023-06-29,Consumer,South,Office Supplies,Art,10,361.19,0.0,83.75,Second Class
ORD-2623,2023-06-30,Consumer,Central,Technology,Phones,1,180.59,0.1,27.27,Standard Class
ORD-2624,2023-07-01,Consumer,Central,Office Supplies,Paper,5,104.88,0.1,21.69,Second Class
ORD-2625,2023-07-03,Consumer,East,Technology,Accessories,5,974.59,0.0,186.57,Standard Class
ORD-2626,2023-07-04,Consumer,West,Furniture,Tables,13,2505.28,0.3,72.33,Standard Class
ORD-2627,2023-07-06,Consumer,West,Furniture,Tables,5,1032.2,0.0,67.64,Standard Class
ORD-2628,2023-07-07,Consumer,West,Furniture,Bookcases,6,1551.13,0.0,94.16,Standard Class
ORD-2629,2023-07-09,Consumer,East,Office Supplies,Envelopes,5,245.38,0.0,50.58,Standard Class
ORD-2630,2023-07-10,Corporate,East,Furniture,Furnishings,6,1062.55,0.0,54.1,Standard Class
ORD-2631,2023-07-12,Corporate,East,Technology,Accessories,1,91.2,0.1,10.87,Second Class
ORD-2632,2023-07-13,Home Office,South,Technology,Computers,13,1702.53,0.0,393.72,Same Day
ORD-2633,2023-07-15,Corporate,East,Furniture,Bookcases,12,1399.35,0.1,61.74,Standard Class
ORD-2634,2023-07-16,Corporate,West,Office Supplies,Art,5,131.17,0.0,24.4,Second Class
ORD-2635,2023-07-18,Corporate,West,Furniture,Tables,8,973.11,0.0,68.38,Standard Class
ORD-2636,2023-07-19,Corporate,Central,Office Supplies,Paper,6,122.83,0.0,28.78,Same Day
ORD-2637,2023-07-20,Consumer,East,Office Supplies,Storage,11,296.88,0.0,55.79,Second Class
ORD-2638,2023-07-22,Consumer,East,Technology,Computers,7,1127.15,0.0,240.57,First Class
ORD-2639,2023-07-23,Consumer,West,Technology,Phones,6,532.67,0.3,40.91,Standard Class
ORD-2640,2023-07-25,Consumer,Central,Office Supplies,Envelopes,1,19.45,0.1,3.25,Standard Class
ORD-2641,2023-07-26,Consumer,East,Furniture,Tables,11,1767.91,0.1,79.91,Standard Class
ORD-2642,2023-07-28,Consumer,East,Technology,Copiers,13,2703.78,0.1,428.8,Standard Class
ORD-2643,2023-07-29,Consumer,East,Technology,Phones,12,1199.98,0.0,158.3,Same Day
ORD-2644,2023-07-31,Home Office,East,Technology,Phones,12,2262.46,0.2,334.39,Standard Class
ORD-2645,2023-08-01,Home Office,West,Furniture,Bookcases,10,1468.99,0.0,74.94,Standard Class
ORD-2646,2023-08-03,Consumer,South,Furniture,Tables,6,1083.04,0.0,62.51,Standard Class
ORD-2647,2023-08-04,Corporate,South,Technology,Accessories,2,111.85,0.0,21.75,Standard Class
ORD-2648,2023-08-06,Consumer,Central,Furniture,Furnishings,2,354.8,0.0,22.27,Standard Class
ORD-2649,2023-08-07,Home Office,Central,Office Supplies,Art,13,544.12,0.0,145.65,Standard Class
ORD-2650,2023-08-08,Corporate,South,Technology,Accessories,12,960.31,0.1,153.76,Standard Class
ORD-2651,2023-08-10,Consumer,East,Technology,Copiers,8,1850.16,0.2,206.03,Standard Class
ORD-2652,2023-08-11,Corporate,West,Technology,Accessories,1,208.91,0.3,15.09,Same Day
ORD-2653,2023-08-13,Home Office,West,Technology,Computers,13,1453.49,0.1,209.87,Second Class
ORD-2654,2023-08-14,Consumer,South,Technology,Computers,9,599.38,0.1,107.44,Standard Class
ORD-2655,2023-08-16,Home Office,South,Furniture,Chairs,13,1906.89,0.0,123.9,Second Class
ORD-2656,2023-08-17,Consumer,East,Office Supplies,Storage,1,22.78,0.0,4.42,Same Day
ORD-2657,2023-08-19,Consumer,West,Furniture,Bookcases,6,1559.69,0.1,53.73,Standard Class
ORD-2658,2023-08-20,Consumer,Central,Office Supplies,Storage,4,159.28,0.0,26.87,Standard Class
ORD-2659,2023-08-22,Corporate,East,Furniture,Bookcases,3,586.29,0.0,25.08,Second Class
ORD-2660,2023-08-23,Consumer,Central,Technology,Computers,6,779.73,0.2,76.81,Standard Class
ORD-2661,2023-08-25,Consumer,South,Technology,Accessories,12,1221.57,0.1,141.08,Standard Class
ORD-2662,2023-08-26,Consumer,West,Technology,Computers,4,662.27,0.0,129.47,Standard Class
ORD-2663,2023-08-27,Corporate,Central,Furniture,Tables,1,231.84,0.0,15.21,Standard Class
ORD-2664,2023-08-29,Home Office,West,Furniture,Furnishings,10,1637.82,0.0,94.49,Same Day
ORD-2665,2023-08-30,Consumer,East,Furniture,Tables,1,192.84,0.0,10.72,Second Class
ORD-2666,2023-09-01,Consumer,East,Furniture,Tables,9,1317.2,0.0,75.51,Same Day
ORD-2667,2023-09-02,Consumer,East,Office Supplies,Art,7,253.26,0.0,51.89,Same Day
ORD-2668,2023-09-04,Home Office,South,Furniture,Furnishings,2,249.44,0.2,10.77,Standard Class
ORD-2669,2023-09-05,Home Office,South,Technology,Copiers,12,1577.94,0.2,233.34,First Class
ORD-2670,2023-09-07,Consumer,South,Furniture,Tables,1,213.95,0.0,16.43,Second Class
ORD-2671,2023-09-08,Consumer,South,Furniture,Bookcases,7,1151.31,0.0,55.4,Same Day
ORD-2672,2023-09-10,Corporate,West,Technology,Phones,6,401.93,0.2,47.24,Standard Class
ORD-2673,2023-09-11,Corporate,South,Technology,Accessories,4,359.76,0.1,42.3,Standard Class
ORD-2674,2023-09-13,Consumer,Central,Furniture,Bookcases,10,1010.8,0.1,46.0,Standard Class
ORD-2675,2023-09-14,Home Office,East,Office Supplies,Art,4,129.6,0.0,27.36,Standard Class
ORD-2676,2023-09-15,Consumer,Central,Office Supplies,Paper,4,50.99,0.0,8.78,Standard Class
ORD-2677,2023-09-17,Home Office,South,Office Supplies,Binders,8,160.77,0.0,24.89,Standard Class
ORD-2678,2023-09-18,Home Office,East,Office Supplies,Binders,13,597.66,0.1,85.75,Standard Class
ORD-2679,2023-09-20,Consumer,West,Furniture,Chairs,6,922.71,0.1,57.27,Standard Class
ORD-2680,2023-09-21,Consumer,South,Office Supplies,Envelopes,1,17.72,0.1,2.64,Standard Class
ORD-2681,2023-09-23,Home Office,East,Furniture,Bookcases,13,1515.31,0.1,70.59,Standard Class
ORD-2682,2023-09-24,Consumer,West,Technology,Copiers,1,228.21,0.0,30.21,Standard Class
ORD-2683,2023-09-26,Consumer,East,Furniture,Bookcases,1,132.19,0.1,8.26,Standard Class
ORD-2684,2023-09-27,Consumer,West,Technology,Copiers,10,1075.22,0.2,94.29,Same Day
ORD-2685,2023-09-29,Consumer,South,Technology,Accessories,4,189.22,0.0,27.01,Standard Class
ORD-2686,2023-09-30,Corporate,Central,Office Supplies,Art,13,165.75,0.0,33.14,Second Class
ORD-2687,2023-10-02,Consumer,South,Furniture,Furnishings,1,114.78,0.1,7.16,First Class
ORD-2688,2023-10-03,Corporate,Central,Office Supplies,Art,3,107.15,0.2,16.17,Standard Class
ORD-2689,2023-10-04,Corporate,West,Technology,Copiers,6,1364.23,0.1,148.26,Standard Class
ORD-2690,2023-10-06,Consumer,West,Office Supplies,Art,4,124.64,0.0,33.67,First Class
ORD-2691,2023-10-07,Consumer,West,Office Supplies,Art,1,37.36,0.2,6.09,Second Class
ORD-2692,2023-10-09,Consumer,East,Office Supplies,Envelopes,11,302.54,0.1,70.46,Second Class
ORD-2693,2023-10-10,Consumer,West,Technology,Phones,1,137.1,0.0,31.26,Standard Class
ORD-2694,2023-10-12,Consumer,South,Office Supplies,Storage,13,508.02,0.2,65.55,Standard Class
ORD-2695,2023-10-13,Home Office,South,Furniture,Chairs,3,357.84,0.0,24.31,Standard Class
ORD-2696,2023-10-15,Consumer,Central,Furniture,Tables,7,1560.81,0.1,87.85,Second Class
ORD-2697,2023-10-16,Consumer,East,Office Supplies,Storage,4,163.68,0.0,28.77,Second Class
ORD-2698,2023-10-18,Corporate,West,Office Supplies,Paper,5,233.73,0.3,17.61,Standard Class
ORD-2699,2023-10-19,Consumer,South,Technology,Phones,11,1269.24,0.2,109.98,Standard Class
ORD-2700,2023-10-21,Corporate,West,Office Supplies,Paper,13,301.37,0.0,67.24,Standard Class
ORD-2701,2023-10-22,Consumer,East,Technology,Phones,4,638.52,0.4,41.19,Standard Class
ORD-2702,2023-10-23,Corporate,West,Office Supplies,Envelopes,7,191.21,0.0,49.46,Standard Class
ORD-2703,2023-10-25,Corporate,West,Furniture,Tables,6,1376.19,0.1,79.44,Standard Class
ORD-2704,2023-10-26,Consumer,Central,Furniture,Chairs,9,723.29,0.0,43.02,Standard Class
ORD-2705,2023-10-28,Corporate,West,Office Supplies,Binders,9,404.94,0.0,77.29,Standard Class
ORD-2706,2023-10-29,Consumer,East,Office Supplies,Envelopes,4,72.34,0.0,11.28,Standard Class
ORD-2707,2023-10-31,Corporate,East,Office Supplies,Art,4,102.58,0.0,21.01,Standard Class
ORD-2708,2023-11-01,Consumer,South,Technology,Copiers,4,327.71,0.1,36.77,Standard Class
ORD-2709,2023-11-03,Consumer,West,Technology,Phones,1,231.25,0.0,32.48,Second Class
ORD-2710,2023-11-04,Consumer,South,Technology,Computers,10,472.97,0.2,69.41,Standard Class
ORD-2711,2023-11-06,Corporate,West,Office Supplies,Paper,1,41.63,0.1,6.16,Second Class
ORD-2712,2023-11-07,Corporate,East,Furniture,Bookcases,13,1595.98,0.1,100.8,Second Class
ORD-2713,2023-11-09,Corporate,Central,Technology,Accessories,8,816.43,0.0,183.15,Second Class
ORD-2714,2023-11-10,Consumer,West,Technology,Phones,13,3035.57,0.0,678.88,Second Class
ORD-2715,2023-11-11,Corporate,West,Technology,Copiers,1,114.39,0.1,19.94,Standard Class
ORD-2716,2023-11-13,Home Office,Central,Technology,Phones,9,1638.37,0.2,189.59,Standard Class
ORD-2717,2023-11-14,Home Office,South,Furniture,Bookcases,1,55.72,0.0,2.53,First Class
ORD-2718,2023-11-16,Corporate,Central,Technology,Computers,1,121.51,0.0,21.09,Same Day
ORD-2719,2023-11-17,Consumer,South,Technology,Phones,11,556.96,0.0,102.66,Second Class
ORD-2720,2023-11-19,Consumer,Central,Furniture,Tables,1,198.36,0.0,9.86,Same Day
ORD-2721,2023-11-20,Consumer,Central,Furniture,Chairs,1,174.22,0.0,10.87,Second Class
ORD-2722,2023-11-22,Consumer,South,Furniture,Chairs,12,2120.4,0.0,108.54,Standard Class
ORD-2723,2023-11-23,Corporate,Central,Furniture,Furnishings,1,99.21,0.0,6.44,Standard Class
ORD-2724,2023-11-25,Home Office,West,Technology,Computers,8,1498.36,0.1,260.5,Same Day
ORD-2725,2023-11-26,Consumer,East,Furniture,Tables,8,1383.42,0.0,99.55,Second Class
ORD-2726,2023-11-28,Consumer,West,Furniture,Furnishings,11,2953.77,0.4,63.57,Second Class
ORD-2727,2023-11-29,Home Office,East,Technology,Phones,7,1385.38,0.3,117.11,Standard Class
ORD-2728,2023-11-30,Corporate,East,Office Supplies,Storage,1,34.73,0.1,7.1,Standard Class
ORD-2729,2023-12-02,Consumer,East,Furniture,Furnishings,8,2144.32,0.0,127.99,First Class
ORD-2730,2023-12-03,Corporate,East,Office Supplies,Paper,8,240.91,0.1,51.0,Standard Class
ORD-2731,2023-12-05,Consumer,East,Technology,Computers,12,2584.97,0.3,242.59,Second Class
ORD-2732,2023-12-06,Consumer,East,Technology,Accessories,10,1007.52,0.0,184.48,Second Class
ORD-2733,2023-12-08,Corporate,Central,Office Supplies,Paper,10,156.45,0.0,34.86,First Class
ORD-2734,2023-12-09,Consumer,East,Furniture,Bookcases,7,832.48,0.0,37.4,Standard Class
ORD-2735,2023-12-11,Consumer,Central,Furniture,Furnishings,8,740.04,0.1,31.78,First Class
ORD-2736,2023-12-12,Corporate,Central,Office Supplies,Art,7,183.46,0.0,44.8,Standard Class
ORD-2737,2023-12-14,Consumer,East,Technology,Phones,9,901.08,0.4,57.39,Same Day
ORD-2738,2023-12-15,Home Office,Central,Technology,Copiers,3,331.03,0.1,34.22,Standard Class
ORD-2739,2023-12-17,Home Office,South,Furniture,Tables,8,698.22,0.0,36.62,Standard Class
ORD-2740,2023-12-18,Corporate,South,Technology,Copiers,10,1364.54,0.0,203.43,First Class
ORD-2741,2023-12-19,Consumer,West,Office Supplies,Envelopes,4,103.01,0.1,14.5,Standard Class
ORD-2742,2023-12-21,Consumer,South,Furniture,Bookcases,12,2539.91,0.0,183.17,Second Class
ORD-2743,2023-12-22,Home Office,West,Technology,Copiers,12,1243.04,0.0,273.87,Standard Class
ORD-2744,2023-12-24,Corporate,East,Office Supplies,Art,1,15.9,0.1,2.13,Second Class
ORD-2745,2023-12-25,Corporate,South,Office Supplies,Envelopes,12,292.39,0.2,38.46,Standard Class
ORD-2746,2023-12-27,Consumer,West,Furniture,Tables,11,1526.1,0.0,92.95,Same Day
ORD-2747,2023-12-28,Consumer,East,Office Supplies,Binders,10,354.71,0.1,80.68,Standard Class
ORD-2748,2023-12-30,Consumer,West,Furniture,Bookcases,3,365.29,0.1,13.06,Standard Class
ORD-2749,2023-12-31,Home Office,East,Furniture,Furnishings,7,866.43,0.0,52.3,Second Class
ORD-2750,2024-01-02,Corporate,East,Office Supplies,Storage,8,197.52,0.4,13.38,Standard Class
ORD-2751,2024-01-03,Consumer,South,Technology,Phones,12,1298.13,0.0,171.41,Standard Class
ORD-2752,2024-01-05,Consumer,Central,Technology,Computers,2,374.29,0.0,83.46,Standard Class
ORD-2753,2024-01-06,Home Office,East,Furniture,Chairs,10,2410.68,0.1,108.64,Standard Class
ORD-2754,2024-01-07,Home Office,South,Office Supplies,Art,3,96.19,0.4,6.1,Standard Class
ORD-2755,2024-01-09,Consumer,South,Office Supplies,Envelopes,8,234.19,0.0,48.58,Standard Class
ORD-2756,2024-01-10,Corporate,East,Furniture,Bookcases,5,1028.55,0.0,57.93,Standard Class
ORD-2757,2024-01-12,Corporate,West,Furniture,Bookcases,7,991.0,0.1,45.3,Second Class
ORD-2758,2024-01-13,Corporate,Central,Office Supplies,Art,5,105.12,0.2,15.8,Same Day
ORD-2759,2024-01-15,Consumer,Central,Technology,Accessories,11,680.45,0.0,127.86,Second Class
ORD-2760,2024-01-16,Consumer,South,Office Supplies,Storage,5,54.56,0.1,9.46,Standard Class
ORD-2761,2024-01-18,Consumer,South,Office Supplies,Storage,7,225.24,0.0,45.86,Standard Class
ORD-2762,2024-01-19,Corporate,West,Office Supplies,Envelopes,1,41.11,0.0,6.97,Standard Class
ORD-2763,2024-01-21,Consumer,Central,Furniture,Tables,5,593.21,0.0,28.32,Standard Class
ORD-2764,2024-01-22,Consumer,East,Office Supplies,Art,12,516.87,0.0,114.33,Standard Class
ORD-2765,2024-01-24,Corporate,West,Technology,Computers,3,357.84,0.1,49.56,Standard Class
ORD-2766,2024-01-25,Consumer,West,Technology,Copiers,5,652.81,0.0,129.04,Standard Class
ORD-2767,2024-01-26,Home Office,South,Furniture,Bookcases,11,1461.65,0.0,95.02,Second Class
ORD-2768,2024-01-28,Consumer,Central,Office Supplies,Envelopes,6,111.89,0.0,22.31,Second Class
ORD-2769,2024-01-29,Consumer,East,Furniture,Tables,7,1164.14,0.0,86.54,Standard Class
ORD-2770,2024-01-31,Corporate,South,Technology,Computers,11,889.28,0.2,94.49,Standard Class
ORD-2771,2024-02-01,Corporate,South,Office Supplies,Art,9,110.76,0.1,23.74,First Class
ORD-2772,2024-02-03,Corporate,Central,Office Supplies,Binders,3,77.01,0.2,13.73,Second Class
ORD-2773,2024-02-04,Consumer,South,Furniture,Furnishings,8,537.29,0.0,32.28,Standard Class
ORD-2774,2024-02-06,Consumer,East,Technology,Phones,5,873.53,0.1,113.89,First Class
ORD-2775,2024-02-07,Consumer,West,Technology,Copiers,8,645.11,0.3,62.91,Standard Class
ORD-2776,2024-02-09,Corporate,East,Technology,Accessories,2,316.13,0.1,44.77,Standard Class
ORD-2777,2024-02-10,Corporate,West,Office Supplies,Paper,8,322.01,0.1,62.15,Standard Class
ORD-2778,2024-02-12,Home Office,Central,Technology,Accessories,9,1769.37,0.1,215.16,Standard Class
ORD-2779,2024-02-13,Corporate,South,Furniture,Furnishings,9,1024.51,0.0,56.16,Standard Class
ORD-2780,2024-02-14,Consumer,East,Office Supplies,Binders,12,244.19,0.1,43.0,Same Day
ORD-2781,2024-02-16,Consumer,South,Furniture,Furnishings,6,1176.79,0.1,52.4,Standard Class
ORD-2782,2024-02-17,Corporate,South,Office Supplies,Paper,5,155.32,0.0,35.37,Second Class
ORD-2783,2024-02-19,Consumer,South,Furniture,Furnishings,13,2075.95,0.0,114.92,Second Class
ORD-2784,2024-02-20,Corporate,East,Technology,Phones,11,1547.73,0.1,193.83,Standard Class
ORD-2785,2024-02-22,Consumer,South,Furniture,Bookcases,10,1535.72,0.4,25.26,Standard Class
ORD-2786,2024-02-23,Corporate,East,Technology,Copiers,7,571.34,0.1,75.82,Standard Class
ORD-2787,2024-02-25,Corporate,East,Technology,Accessories,12,1115.8,0.1,158.37,Standard Class
ORD-2788,2024-02-26,Home Office,East,Technology,Computers,1,177.78,0.1,25.06,Second Class
ORD-2789,2024-02-28,Consumer,West,Furniture,Tables,13,1837.95,0.1,84.19,Standard Class
ORD-2790,2024-02-29,Consumer,West,Technology,Accessories,1,128.77,0.1,24.06,Standard Class
ORD-2791,2024-03-02,Consumer,East,Furniture,Bookcases,10,856.16,0.0,49.53,Standard Class
ORD-2792,2024-03-03,Corporate,West,Technology,Phones,7,670.98,0.0,84.62,Standard Class
ORD-2793,2024-03-04,Home Office,East,Furniture,Furnishings,10,2476.34,0.0,151.57,Standard Class
ORD-2794,2024-03-06,Corporate,Central,Furniture,Tables,9,551.59,0.0,24.61,First Class
ORD-2795,2024-03-07,Consumer,West,Technology,Phones,10,1100.78,0.0,151.37,Second Class
ORD-2796,2024-03-09,Corporate,South,Office Supplies,Paper,10,391.33,0.4,19.74,First Class
ORD-2797,2024-03-10,Home Office,West,Technology,Copiers,5,937.48,0.1,172.94,Second Class
ORD-2798,2024-03-12,Corporate,Central,Furniture,Chairs,7,1301.06,0.0,76.31,Standard Class
ORD-2799,2024-03-13,Consumer,East,Office Supplies,Binders,1,14.49,0.0,2.92,Standard Class
ORD-2800,2024-03-15,Consumer,South,Furniture,Chairs,13,1331.6,0.4,19.57,First Class
ORD-2801,2024-03-16,Consumer,East,Technology,Computers,4,611.69,0.2,60.5,Second Class
ORD-2802,2024-03-18,Home Office,Central,Technology,Accessories,5,310.85,0.0,59.18,Second Class
ORD-2803,2024-03-19,Corporate,South,Technology,Phones,5,349.89,0.0,46.59,Standard Class
ORD-2804,2024-03-21,Consumer,Central,Technology,Accessories,6,1103.2,0.0,203.77,Standard Class
ORD-2805,2024-03-22,Corporate,West,Furniture,Furnishings,12,3082.9,0.1,186.82,Standard Class
ORD-2806,2024-03-23,Consumer,South,Technology,Copiers,13,921.06,0.0,125.78,First Class
ORD-2807,2024-03-25,Consumer,West,Technology,Copiers,12,2625.97,0.0,409.25,Standard Class
ORD-2808,2024-03-26,Consumer,East,Office Supplies,Storage,2,36.78,0.0,10.24,First Class
ORD-2809,2024-03-28,Consumer,West,Office Supplies,Envelopes,11,190.77,0.0,46.16,Standard Class
ORD-2810,2024-03-29,Consumer,South,Office Supplies,Envelopes,11,296.46,0.0,83.72,Standard Class
ORD-2811,2024-03-31,Corporate,East,Technology,Phones,13,2391.39,0.0,503.6,Standard Class
ORD-2812,2024-04-01,Consumer,South,Office Supplies,Art,10,293.43,0.2,46.74,Second Class
ORD-2813,2024-04-03,Consumer,East,Office Supplies,Binders,5,109.74,0.1,19.25,Second Class
ORD-2814,2024-04-04,Consumer,West,Technology,Computers,6,896.56,0.2,131.62,First Class
ORD-2815,2024-04-06,Consumer,East,Furniture,Chairs,4,950.97,0.0,70.84,Standard Class
ORD-2816,2024-04-07,Corporate,East,Office Supplies,Art,10,282.18,0.0,71.39,Same Day
ORD-2817,2024-04-09,Consumer,West,Furniture,Tables,1,274.11,0.0,13.46,Standard Class
ORD-2818,2024-04-10,Home Office,East,Technology,Accessories,2,191.21,0.3,14.25,Standard Class
ORD-2819,2024-04-11,Home Office,South,Technology,Phones,4,267.55,0.0,52.81,Standard Class
ORD-2820,2024-04-13,Consumer,South,Furniture,Bookcases,2,397.38,0.0,29.74,Standard Class
ORD-2821,2024-04-14,Corporate,Central,Technology,Accessories,8,1358.62,0.0,302.97,Standard Class
ORD-2822,2024-04-16,Home Office,West,Technology,Copiers,10,1322.15,0.2,148.37,Same Day
ORD-2823,2024-04-17,Home Office,East,Furniture,Chairs,5,970.28,0.2,31.99,Second Class
ORD-2824,2024-04-19,Home Office,Central,Technology,Computers,10,1267.25,0.1,139.18,Standard Class
ORD-2825,2024-04-20,Consumer,South,Office Supplies,Storage,9,233.01,0.0,45.14,Standard Class
ORD-2826,2024-04-22,Corporate,Central,Furniture,Chairs,8,983.82,0.0,41.77,Same Day
ORD-2827,2024-04-23,Consumer,West,Office Supplies,Paper,10,209.33,0.1,42.15,First Class
ORD-2828,2024-04-25,Home Office,West,Technology,Copiers,11,834.41,0.0,136.48,Standard Class
ORD-2829,2024-04-26,Consumer,South,Office Supplies,Storage,1,10.85,0.0,2.16,Standard Class
ORD-2830,2024-04-28,Home Office,West,Office Supplies,Storage,3,113.35,0.1,22.94,Standard Class
ORD-2831,2024-04-29,Corporate,East,Technology,Phones,3,576.24,0.1,80.87,Standard Class
ORD-2832,2024-04-30,Corporate,Central,Office Supplies,Paper,11,309.49,0.1,60.93,Same Day
ORD-2833,2024-05-02,Consumer,East,Technology,Accessories,2,431.78,0.0,62.09,First Class
ORD-2834,2024-05-03,Consumer,West,Technology,Copiers,10,2342.88,0.2,288.15,Standard Class
ORD-2835,2024-05-05,Corporate,Central,Office Supplies,Binders,5,209.37,0.0,51.09,Standard Class
ORD-2836,2024-05-06,Consumer,Central,Office Supplies,Binders,4,45.94,0.1,10.02,First Class
ORD-2837,2024-05-08,Consumer,West,Furniture,Tables,10,1770.48,0.0,126.38,Second Class
ORD-2838,2024-05-09,Corporate,East,Office Supplies,Paper,4,124.92,0.2,16.54,Standard Class
ORD-2839,2024-05-11,Home Office,Central,Office Supplies,Paper,4,61.23,0.1,8.17,First Class
ORD-2840,2024-05-12,Consumer,West,Technology,Phones,4,349.39,0.0,68.05,Second Class
ORD-2841,2024-05-14,Corporate,East,Office Supplies,Envelopes,7,203.78,0.1,32.74,Second Class
ORD-2842,2024-05-15,Home Office,Central,Furniture,Chairs,1,164.72,0.3,5.13,Standard Class
ORD-2843,2024-05-17,Corporate,West,Office Supplies,Envelopes,9,286.79,0.3,32.58,Second Class
ORD-2844,2024-05-18,Home Office,East,Office Supplies,Storage,9,165.08,0.0,39.03,Same Day
ORD-2845,2024-05-19,Home Office,Central,Furniture,Furnishings,11,2510.01,0.0,109.48,Standard Class
ORD-2846,2024-05-21,Consumer,West,Furniture,Tables,11,1863.4,0.1,95.55,Standard Class
ORD-2847,2024-05-22,Consumer,South,Furniture,Chairs,8,978.25,0.1,54.53,Standard Class
ORD-2848,2024-05-24,Corporate,West,Office Supplies,Paper,11,458.23,0.2,48.78,Second Class
ORD-2849,2024-05-25,Consumer,South,Office Supplies,Art,5,77.13,0.0,17.56,Second Class
ORD-2850,2024-05-27,Corporate,East,Technology,Accessories,9,1492.08,0.2,172.94,Standard Class
ORD-2851,2024-05-28,Consumer,South,Furniture,Furnishings,9,1856.03,0.0,119.06,Standard Class
ORD-2852,2024-05-30,Home Office,South,Technology,Accessories,9,1352.79,0.3,109.52,Standard Class
ORD-2853,2024-05-31,Consumer,Central,Furniture,Tables,12,2559.08,0.0,146.32,Standard Class
ORD-2854,2024-06-02,Home Office,East,Technology,Copiers,5,848.57,0.0,125.94,Second Class
ORD-2855,2024-06-03,Consumer,South,Office Supplies,Binders,3,61.94,0.0,17.2,Standard Class
ORD-2856,2024-06-05,Home Office,West,Furniture,Tables,4,677.75,0.3,16.86,Standard Class
ORD-2857,2024-06-06,Home Office,Central,Furniture,Furnishings,4,753.17,0.0,57.59,Same Day
ORD-2858,2024-06-07,Consumer,South,Technology,Copiers,4,563.5,0.0,79.77,Standard Class
ORD-2859,2024-06-09,Corporate,West,Technology,Computers,3,650.95,0.2,60.4,Standard Class
ORD-2860,2024-06-10,Consumer,South,Office Supplies,Envelopes,1,25.62,0.0,5.6,Standard Class
ORD-2861,2024-06-12,Consumer,Central,Office Supplies,Paper,12,392.88,0.0,98.07,First Class
ORD-2862,2024-06-13,Corporate,South,Furniture,Bookcases,1,73.03,0.0,5.47,Standard Class
ORD-2863,2024-06-15,Consumer,West,Furniture,Chairs,5,1346.2,0.2,41.62,First Class
ORD-2864,2024-06-16,Consumer,South,Office Supplies,Envelopes,12,303.59,0.2,45.39,Standard Class
ORD-2865,2024-06-18,Consumer,South,Technology,Accessories,5,860.42,0.0,195.72,Standard Class
ORD-2866,2024-06-19,Corporate,West,Office Supplies,Storage,10,416.51,0.2,41.78,Standard Class
ORD-2867,2024-06-21,Consumer,South,Furniture,Chairs,12,786.36,0.1,39.09,Standard Class
ORD-2868,2024-06-22,Corporate,East,Furniture,Tables,6,931.3,0.3,26.16,Standard Class
ORD-2869,2024-06-24,Consumer,West,Technology,Computers,8,1405.79,0.2,170.13,Second Class
ORD-2870,2024-06-25,Corporate,Central,Office Supplies,Binders,13,179.98,0.2,28.4,Standard Class
ORD-2871,2024-06-26,Consumer,West,Technology,Computers,11,1540.24,0.0,302.91,First Class
ORD-2872,2024-06-28,Corporate,West,Technology,Phones,6,1141.19,0.2,108.89,Standard Class
ORD-2873,2024-06-29,Consumer,West,Office Supplies,Paper,9,256.7,0.2,30.75,Standard Class
ORD-2874,2024-07-01,Home Office,South,Office Supplies,Envelopes,3,80.48,0.0,21.19,First Class
ORD-2875,2024-07-02,Home Office,West,Technology,Phones,8,1341.25,0.0,205.72,Standard Class
ORD-2876,2024-07-04,Consumer,East,Technology,Computers,2,251.41,0.2,30.34,First Class
ORD-2877,2024-07-05,Consumer,West,Office Supplies,Binders,2,60.74,0.0,13.38,Standard Class
ORD-2878,2024-07-07,Corporate,East,Technology,Copiers,1,170.07,0.0,21.51,Standard Class
ORD-2879,2024-07-08,Consumer,South,Office Supplies,Art,10,146.88,0.1,23.78,Second Class
ORD-2880,2024-07-10,Home Office,South,Technology,Accessories,13,1293.92,0.3,92.48,Standard Class
ORD-2881,2024-07-11,Consumer,East,Furniture,Tables,5,615.1,0.0,40.83,First Class
ORD-2882,2024-07-13,Home Office,East,Technology,Copiers,9,1992.63,0.1,355.74,First Class
ORD-2883,2024-07-14,Consumer,Central,Furniture,Tables,9,1516.37,0.1,85.2,Standard Class
ORD-2884,2024-07-15,Home Office,South,Technology,Accessories,9,764.6,0.0,128.09,Standard Class
ORD-2885,2024-07-17,Home Office,East,Office Supplies,Paper,6,157.89,0.1,22.55,Standard Class
ORD-2886,2024-07-18,Corporate,West,Office Supplies,Binders,11,357.52,0.0,61.75,Standard Class
ORD-2887,2024-07-20,Consumer,Central,Technology,Accessories,13,941.9,0.0,213.29,Second Class
ORD-2888,2024-07-21,Home Office,East,Office Supplies,Envelopes,13,444.09,0.0,107.53,Standard Class
ORD-2889,2024-07-23,Corporate,West,Technology,Copiers,5,740.67,0.1,99.07,Second Class
ORD-2890,2024-07-24,Corporate,East,Technology,Accessories,6,548.85,0.0,126.84,Standard Class
ORD-2891,2024-07-26,Home Office,Central,Office Supplies,Paper,4,82.96,0.0,18.13,Standard Class
ORD-2892,2024-07-27,Consumer,Central,Office Supplies,Storage,7,261.33,0.0,46.28,Standard Class
ORD-2893,2024-07-29,Consumer,East,Furniture,Tables,5,1338.48,0.0,59.85,First Class
ORD-2894,2024-07-30,Consumer,East,Technology,Phones,13,1067.74,0.1,191.89,First Class
ORD-2895,2024-08-01,Home Office,West,Office Supplies,Paper,2,47.41,0.0,11.89,Second Class
ORD-2896,2024-08-02,Consumer,West,Technology,Accessories,4,540.23,0.2,54.6,Standard Class
ORD-2897,2024-08-03,Corporate,West,Furniture,Bookcases,6,1326.43,0.0,80.84,Standard Class
ORD-2898,2024-08-05,Consumer,West,Technology,Phones,11,1943.41,0.1,245.48,Standard Class
ORD-2899,2024-08-06,Corporate,South,Furniture,Chairs,3,256.96,0.1,10.12,First Class
ORD-2900,2024-08-08,Consumer,South,Furniture,Bookcases,12,1423.95,0.0,68.39,First Class
ORD-2901,2024-08-09,Home Office,East,Office Supplies,Envelopes,5,178.71,0.0,30.76,Second Class
ORD-2902,2024-08-11,Corporate,West,Technology,Computers,5,1039.69,0.3,71.32,Second Class
ORD-2903,2024-08-12,Consumer,East,Furniture,Tables,8,1626.15,0.1,59.26,Standard Class
ORD-2904,2024-08-14,Corporate,South,Office Supplies,Storage,2,36.74,0.1,6.57,Same Day
ORD-2905,2024-08-15,Consumer,South,Technology,Copiers,1,135.29,0.4,5.38,Standard Class
ORD-2906,2024-08-17,Corporate,Central,Furniture,Furnishings,13,1068.52,0.0,60.61,Standard Class
ORD-2907,2024-08-18,Home Office,East,Technology,Accessories,5,1159.39,0.2,144.32,Standard Class
ORD-2908,2024-08-20,Corporate,East,Technology,Accessories,11,2088.81,0.0,486.53,First Class
ORD-2909,2024-08-21,Consumer,West,Office Supplies,Paper,2,40.82,0.0,7.1,Standard Class
ORD-2910,2024-08-22,Home Office,West,Technology,Accessories,8,1353.84,0.0,222.77,Standard Class
ORD-2911,2024-08-24,Corporate,West,Technology,Phones,4,661.63,0.0,90.3,Standard Class
ORD-2912,2024-08-25,Corporate,East,Furniture,Furnishings,2,279.37,0.0,16.03,Second Class
ORD-2913,2024-08-27,Corporate,Central,Office Supplies,Binders,3,85.71,0.1,11.18,First Class
ORD-2914,2024-08-28,Consumer,Central,Office Supplies,Art,1,37.77,0.2,6.09,Standard Class
ORD-2915,2024-08-30,Consumer,Central,Technology,Phones,4,238.23,0.2,20.0,Standard Class
ORD-2916,2024-08-31,Consumer,West,Furniture,Furnishings,2,472.92,0.0,31.33,Same Day
ORD-2917,2024-09-02,Consumer,West,Office Supplies,Envelopes,9,202.92,0.0,55.49,Standard Class
ORD-2918,2024-09-03,Consumer,South,Office Supplies,Envelopes,11,239.0,0.0,57.33,Standard Class
ORD-2919,2024-09-05,Corporate,West,Furniture,Chairs,5,997.66,0.0,61.41,Same Day
ORD-2920,2024-09-06,Corporate,South,Furniture,Furnishings,6,1044.18,0.1,61.24,Same Day
ORD-2921,2024-09-08,Consumer,East,Office Supplies,Art,12,459.7,0.2,64.14,First Class
ORD-2922,2024-09-09,Consumer,South,Furniture,Bookcases,10,744.81,0.0,45.29,Standard Class
ORD-2923,2024-09-10,Corporate,East,Furniture,Bookcases,8,1297.4,0.3,40.26,Same Day
ORD-2924,2024-09-12,Home Office,Central,Office Supplies,Storage,8,172.16,0.0,47.92,Standard Class
ORD-2925,2024-09-13,Home Office,West,Technology,Copiers,11,1297.88,0.0,224.67,Standard Class
ORD-2926,2024-09-15,Consumer,West,Office Supplies,Binders,10,307.22,0.3,34.86,Second Class
ORD-2927,2024-09-16,Consumer,East,Technology,Accessories,8,872.62,0.2,93.5,Standard Class
ORD-2928,2024-09-18,Corporate,East,Furniture,Furnishings,8,1410.27,0.0,78.54,Standard Class
ORD-2929,2024-09-19,Consumer,South,Furniture,Tables,13,804.64,0.1,32.14,Standard Class
ORD-2930,2024-09-21,Corporate,South,Office Supplies,Storage,10,296.23,0.2,35.5,Standard Class
ORD-2931,2024-09-22,Home Office,South,Office Supplies,Paper,4,123.84,0.3,10.34,First Class
ORD-2932,2024-09-24,Home Office,East,Office Supplies,Storage,9,161.69,0.1,22.46,Standard Class
ORD-2933,2024-09-25,Corporate,East,Office Supplies,Storage,11,434.08,0.1,69.74,Second Class
ORD-2934,2024-09-27,Consumer,East,Office Supplies,Envelopes,9,235.49,0.0,47.2,Standard Class
ORD-2935,2024-09-28,Consumer,East,Furniture,Tables,13,2688.04,0.2,76.98,Standard Class
ORD-2936,2024-09-29,Corporate,East,Technology,Accessories,5,497.7,0.2,60.13,Second Class
ORD-2937,2024-10-01,Corporate,East,Furniture,Furnishings,8,1950.6,0.0,108.51,Standard Class
ORD-2938,2024-10-02,Corporate,South,Office Supplies,Art,3,97.72,0.0,18.96,Standard Class
ORD-2939,2024-10-04,Corporate,East,Furniture,Tables,7,1186.17,0.0,71.88,Standard Class
ORD-2940,2024-10-05,Consumer,South,Office Supplies,Storage,3,54.19,0.1,7.87,Standard Class
ORD-2941,2024-10-07,Consumer,Central,Furniture,Tables,4,906.52,0.2,30.23,Standard Class
ORD-2942,2024-10-08,Consumer,East,Technology,Copiers,4,873.16,0.1,163.22,Standard Class
ORD-2943,2024-10-10,Corporate,West,Furniture,Furnishings,9,2147.19,0.2,58.3,Standard Class
ORD-2944,2024-10-11,Consumer,East,Office Supplies,Binders,12,397.43,0.2,69.52,Standard Class
ORD-2945,2024-10-13,Corporate,West,Technology,Computers,3,449.79,0.3,32.71,Standard Class
ORD-2946,2024-10-14,Corporate,West,Technology,Phones,10,982.76,0.1,138.47,Same Day
ORD-2947,2024-10-16,Consumer,Central,Furniture,Chairs,12,1530.1,0.0,111.35,Standard Class
ORD-2948,2024-10-17,Consumer,West,Furniture,Chairs,1,222.77,0.0,12.9,Standard Class
ORD-2949,2024-10-18,Consumer,South,Technology,Copiers,10,1249.3,0.4,73.38,Standard Class
ORD-2950,2024-10-20,Consumer,Central,Furniture,Chairs,2,254.29,0.1,8.93,First Class
ORD-2951,2024-10-21,Corporate,West,Furniture,Chairs,3,432.27,0.0,22.51,Second Class
ORD-2952,2024-10-23,Corporate,Central,Furniture,Furnishings,6,364.61,0.0,19.79,First Class
ORD-2953,2024-10-24,Corporate,East,Technology,Phones,13,958.34,0.0,198.21,Second Class
ORD-2954,2024-10-26,Corporate,Central,Technology,Phones,12,1884.75,0.1,259.7,First Class
ORD-2955,2024-10-27,Consumer,East,Office Supplies,Paper,2,69.56,0.2,6.99,First Class
ORD-2956,2024-10-29,Consumer,East,Furniture,Chairs,4,396.1,0.2,17.71,Standard Class
ORD-2957,2024-10-30,Home Office,South,Technology,Accessories,7,865.23,0.1,136.4,Same Day
ORD-2958,2024-11-01,Corporate,Central,Technology,Phones,6,1084.29,0.2,151.83,Standard Class
ORD-2959,2024-11-02,Home Office,South,Furniture,Tables,7,893.82,0.1,35.78,Standard Class
ORD-2960,2024-11-04,Corporate,South,Furniture,Tables,9,1355.11,0.0,75.43,Standard Class
ORD-2961,2024-11-05,Corporate,South,Office Supplies,Paper,7,214.94,0.1,30.58,Standard Class
ORD-2962,2024-11-06,Corporate,Central,Office Supplies,Art,9,132.29,0.2,20.32,Same Day
ORD-2963,2024-11-08,Consumer,East,Office Supplies,Envelopes,4,129.55,0.0,32.77,Standard Class
ORD-2964,2024-11-09,Consumer,Central,Office Supplies,Envelopes,8,295.86,0.0,67.14,Standard Class
ORD-2965,2024-11-11,Consumer,East,Furniture,Bookcases,4,1024.07,0.2,32.14,Second Class
ORD-2966,2024-11-12,Consumer,Central,Office Supplies,Storage,5,115.51,0.1,25.91,Second Class
ORD-2967,2024-11-14,Consumer,Central,Furniture,Chairs,3,428.19,0.0,24.54,Second Class
ORD-2968,2024-11-15,Corporate,South,Furniture,Furnishings,1,209.38,0.2,9.74,First Class
ORD-2969,2024-11-17,Consumer,South,Office Supplies,Paper,4,48.51,0.1,8.81,Standard Class
ORD-2970,2024-11-18,Consumer,South,Technology,Phones,12,1078.09,0.2,133.26,Standard Class
ORD-2971,2024-11-20,Corporate,East,Technology,Accessories,7,1576.65,0.1,291.42,Standard Class
ORD-2972,2024-11-21,Corporate,South,Furniture,Tables,10,1281.17,0.0,82.33,Second Class
ORD-2973,2024-11-23,Consumer,South,Office Supplies,Paper,11,230.03,0.1,37.65,Standard Class
ORD-2974,2024-11-24,Consumer,East,Office Supplies,Paper,1,27.81,0.1,6.21,Second Class
ORD-2975,2024-11-25,Corporate,West,Technology,Computers,5,799.17,0.0,182.59,Standard Class
ORD-2976,2024-11-27,Consumer,East,Technology,Phones,11,2516.43,0.0,387.86,First Class
ORD-2977,2024-11-28,Consumer,East,Office Supplies,Paper,3,66.41,0.0,16.76,Standard Class
ORD-2978,2024-11-30,Corporate,West,Technology,Computers,8,730.61,0.3,46.89,Standard Class
ORD-2979,2024-12-01,Consumer,West,Office Supplies,Storage,12,580.75,0.1,130.71,Standard Class
ORD-2980,2024-12-03,Consumer,East,Furniture,Tables,2,482.19,0.3,16.78,First Class
ORD-2981,2024-12-04,Consumer,South,Technology,Accessories,3,412.69,0.1,76.98,Standard Class
ORD-2982,2024-12-06,Consumer,East,Technology,Computers,9,749.81,0.0,139.54,Second Class
ORD-2983,2024-12-07,Corporate,East,Office Supplies,Art,5,234.84,0.0,49.86,First Class
ORD-2984,2024-12-09,Corporate,West,Technology,Copiers,11,1123.42,0.0,256.71,Standard Class
ORD-2985,2024-12-10,Consumer,West,Technology,Phones,2,404.96,0.0,64.98,Second Class
ORD-2986,2024-12-12,Home Office,East,Furniture,Bookcases,11,2051.62,0.0,128.59,Standard Class
ORD-2987,2024-12-13,Consumer,Central,Technology,Accessories,4,756.71,0.1,119.64,Standard Class
ORD-2988,2024-12-14,Consumer,South,Furniture,Furnishings,2,296.98,0.1,13.7,Standard Class
ORD-2989,2024-12-16,Consumer,East,Furniture,Bookcases,3,589.04,0.0,42.0,Standard Class
ORD-2990,2024-12-17,Home Office,Central,Technology,Phones,5,647.77,0.1,98.46,Second Class
ORD-2991,2024-12-19,Corporate,East,Furniture,Furnishings,11,1673.08,0.0,117.42,Standard Class
ORD-2992,2024-12-20,Corporate,East,Office Supplies,Paper,2,52.77,0.2,5.41,Standard Class
ORD-2993,2024-12-22,Corporate,West,Furniture,Chairs,13,2113.94,0.2,74.21,Standard Class
ORD-2994,2024-12-23,Consumer,West,Office Supplies,Binders,8,215.91,0.1,45.41,Standard Class
ORD-2995,2024-12-25,Consumer,East,Technology,Accessories,12,1091.34,0.0,157.48,Standard Class
ORD-2996,2024-12-26,Home Office,West,Office Supplies,Binders,9,406.52,0.1,58.7,Second Class
ORD-2997,2024-12-28,Consumer,West,Office Supplies,Art,7,185.69,0.1,38.15,Standard Class
ORD-2998,2024-12-29,Consumer,East,Office Supplies,Storage,9,249.86,0.2,40.03,Same Day
ORD-2999,2024-12-31,Corporate,West,Technology,Phones,4,965.55,0.0,194.49,Standard Class
